Date,Arrivals_40,Departures_40,Census_40,Arrivals_10,Departures_10,Census_10,Arrivals_50,Departures_50,Census_50,Arrivals_60,Departures_60,Census_60,Arrivals_30,Departures_30,Census_30,OtherCensus,Day
2014-11-09,0.0,0.0,0.0,0.0,0.0,0.0,0.0,0.0,0.0,0.16666666666666666,0.0,1.0,0.0,0.0,0.0,0.0,1
2014-11-16,0.0,0.0,0.0,0.0,0.0,0.0,0.0,0.0,0.0,0.0,0.0,1.0,0.0,0.0,0.0,0.0,2
2014-11-23,0.0,0.0,0.0,0.0,0.0,0.0,0.0,0.0,0.0,0.0,0.0,1.0,0.0,0.0,0.0,0.0,3
2014-11-30,0.0,0.0,0.0,0.0,0.0,0.0,0.0,0.0,0.0,0.0,0.0,1.0,0.0,0.0,0.0,0.0,4
2014-12-07,0.0,0.0,0.0,0.0,0.0,0.0,0.0,0.0,0.0,0.0,0.0,1.0,0.0,0.0,0.0,0.0,5
2014-12-14,0.0,0.0,0.0,0.0,0.0,0.0,0.0,0.0,0.0,0.0,0.0,1.0,0.0,0.0,0.0,0.0,6
2014-12-21,0.0,0.0,0.0,0.0,0.0,0.0,0.0,0.0,0.0,0.0,0.0,1.0,0.0,0.0,0.0,0.0,7
2014-12-28,0.0,0.0,0.0,0.0,0.0,0.0,0.0,0.0,0.0,0.0,0.0,1.0,0.0,0.0,0.0,0.0,8
2015-01-04,0.0,0.0,0.0,0.0,0.0,0.0,0.0,0.0,0.0,0.14285714285714285,0.0,1.5714285714285714,0.0,0.0,0.0,0.0,9
2015-01-11,0.0,0.0,0.0,0.42857142857142855,0.0,2.142857142857143,0.0,0.0,0.0,0.2857142857142857,0.0,3.4285714285714284,0.0,0.0,0.0,0.0,10
2015-01-18,0.0,0.0,0.0,0.2857142857142857,0.0,4.428571428571429,0.0,0.0,0.0,0.2857142857142857,0.0,5.428571428571429,0.0,0.0,0.0,0.0,11
2015-01-25,0.0,0.0,0.0,0.0,0.0,5.0,0.0,0.0,0.0,0.14285714285714285,0.0,6.857142857142857,0.0,0.0,0.0,0.0,12
2015-02-01,0.0,0.0,0.0,0.0,0.0,5.0,0.0,0.0,0.0,0.14285714285714285,0.0,7.571428571428571,0.0,0.0,0.0,0.0,13
2015-02-08,0.0,0.0,0.0,0.0,0.0,5.0,0.0,0.0,0.0,0.0,0.0,8.0,0.0,0.0,0.0,0.0,14
2015-02-15,0.0,0.0,0.0,0.2857142857142857,0.0,6.428571428571429,0.0,0.0,0.0,0.0,0.0,8.0,0.0,0.0,0.0,0.0,15
2015-02-22,0.0,0.0,0.0,0.0,0.0,7.0,0.0,0.0,0.0,0.0,0.0,8.0,0.0,0.0,0.0,0.0,16
2015-03-01,0.0,0.0,0.0,0.0,0.0,7.0,0.0,0.0,0.0,0.14285714285714285,0.0,8.714285714285714,0.0,0.0,0.0,0.0,17
2015-03-08,0.0,0.0,0.0,0.0,0.0,7.0,0.0,0.0,0.0,0.0,0.0,9.0,0.0,0.0,0.0,0.0,18
2015-03-15,0.0,0.0,0.0,0.0,0.0,7.0,0.0,0.0,0.0,0.0,0.0,9.0,0.0,0.0,0.0,0.0,19
2015-03-22,0.0,0.0,0.0,0.14285714285714285,0.0,7.428571428571429,0.0,0.0,0.0,0.0,0.0,9.0,0.0,0.0,0.0,0.0,20
2015-03-29,0.0,0.0,0.0,0.0,0.0,8.0,0.0,0.0,0.0,0.0,0.0,9.0,0.0,0.0,0.0,0.0,21
2015-04-05,0.0,0.0,0.0,0.0,0.0,8.0,0.0,0.0,0.0,0.0,0.0,9.0,0.0,0.0,0.0,0.0,22
2015-04-12,0.0,0.0,0.0,0.0,0.0,8.0,0.0,0.0,0.0,0.14285714285714285,0.0,10.0,0.0,0.0,0.0,0.0,23
2015-04-19,0.14285714285714285,0.0,0.5714285714285714,0.0,0.0,8.0,0.0,0.0,0.0,0.14285714285714285,0.0,10.571428571428571,0.0,0.0,0.0,0.0,24
2015-04-26,0.0,0.0,1.0,0.0,0.0,8.0,0.0,0.0,0.0,0.2857142857142857,0.0,12.285714285714286,0.0,0.0,0.0,0.0,25
2015-05-03,0.0,0.0,1.0,0.0,0.0,8.0,0.0,0.0,0.0,0.2857142857142857,0.0,14.142857142857142,0.0,0.0,0.0,0.0,26
2015-05-10,0.0,0.0,1.0,0.2857142857142857,0.0,9.142857142857142,0.0,0.0,0.0,0.2857142857142857,0.0,16.428571428571427,0.0,0.0,0.0,0.0,27
2015-05-17,0.0,0.0,1.0,0.42857142857142855,0.0,12.0,0.0,0.0,0.0,0.5714285714285714,0.0,19.571428571428573,0.0,0.0,0.0,0.0,28
2015-05-24,0.0,0.0,1.0,0.0,0.0,13.0,0.0,0.0,0.0,0.0,0.0,21.0,0.0,0.0,0.0,0.0,29
2015-05-31,0.0,0.0,1.0,0.0,0.0,13.0,0.0,0.0,0.0,0.0,0.0,21.0,0.0,0.0,0.0,0.0,30
2015-06-07,0.0,0.0,1.0,0.0,0.0,13.0,0.0,0.0,0.0,0.14285714285714285,0.0,21.142857142857142,0.0,0.0,0.0,0.0,31
2015-06-14,0.0,0.0,1.0,0.0,0.0,13.0,0.0,0.0,0.0,0.0,0.0,22.0,0.0,0.0,0.0,0.0,32
2015-06-21,0.0,0.0,1.0,0.0,0.0,13.0,0.0,0.0,0.0,0.14285714285714285,0.0,22.571428571428573,0.0,0.0,0.0,0.0,33
2015-06-28,0.0,0.0,1.0,0.0,0.0,13.0,0.0,0.0,0.0,0.0,0.0,23.0,0.0,0.0,0.0,0.0,34
2015-07-05,0.0,0.0,1.0,0.0,0.0,13.0,0.0,0.0,0.0,0.14285714285714285,0.0,23.714285714285715,0.0,0.0,0.0,0.0,35
2015-07-12,0.0,0.0,1.0,0.14285714285714285,0.0,13.714285714285714,0.0,0.0,0.0,0.0,0.0,24.0,0.0,0.0,0.0,0.0,36
2015-07-19,0.0,0.0,1.0,0.0,0.0,14.0,0.0,0.0,0.0,0.0,0.0,24.0,0.0,0.0,0.0,0.0,37
2015-07-26,0.0,0.0,1.0,0.0,0.0,14.0,0.0,0.0,0.0,0.14285714285714285,0.0,24.714285714285715,0.0,0.0,0.0,0.0,38
2015-08-02,0.0,0.0,1.0,0.0,0.0,14.0,0.0,0.0,0.0,0.0,0.0,25.0,0.0,0.0,0.0,0.0,39
2015-08-09,0.0,0.0,1.0,0.0,0.0,14.0,0.0,0.0,0.0,0.0,0.0,25.0,0.0,0.0,0.0,0.0,40
2015-08-16,0.0,0.0,1.0,0.0,0.0,14.0,0.0,0.0,0.0,0.0,0.0,25.0,0.0,0.0,0.0,0.0,41
2015-08-23,0.0,0.0,1.0,0.0,0.0,14.0,0.0,0.0,0.0,0.0,0.0,25.0,0.0,0.0,0.0,0.0,42
2015-08-30,0.0,0.0,1.0,0.0,0.0,14.0,0.0,0.0,0.0,0.14285714285714285,0.0,25.571428571428573,0.0,0.0,0.0,0.0,43
2015-09-06,0.0,0.0,1.0,0.0,0.0,14.0,0.0,0.0,0.0,0.14285714285714285,0.14285714285714285,25.571428571428573,0.0,0.0,0.0,0.0,44
2015-09-13,0.0,0.0,1.0,0.0,0.0,14.0,0.0,0.0,0.0,0.0,0.0,26.0,0.0,0.0,0.0,0.0,45
2015-09-20,0.0,0.0,1.0,0.0,0.0,14.0,0.0,0.0,0.0,0.0,0.0,26.0,0.0,0.0,0.0,0.0,46
2015-09-27,0.0,0.0,1.0,0.0,0.0,14.0,0.0,0.0,0.0,0.0,0.0,26.0,0.0,0.0,0.0,0.0,47
2015-10-04,0.0,0.0,1.0,0.14285714285714285,0.0,14.428571428571429,0.0,0.0,0.0,0.14285714285714285,0.14285714285714285,26.0,0.0,0.0,0.0,0.0,48
2015-10-11,0.0,0.0,1.0,0.14285714285714285,0.0,16.0,0.0,0.0,0.0,0.0,0.14285714285714285,25.142857142857142,0.0,0.0,0.0,0.0,49
2015-10-18,0.0,0.0,1.0,0.0,0.0,16.0,0.0,0.0,0.0,0.0,0.14285714285714285,24.571428571428573,0.0,0.0,0.0,0.0,50
2015-10-25,0.0,0.0,1.0,0.0,0.0,16.0,0.0,0.0,0.0,0.0,0.14285714285714285,23.428571428571427,0.0,0.0,0.0,0.0,51
2015-11-01,0.0,0.0,1.0,0.0,0.0,16.0,0.0,0.0,0.0,0.0,0.0,23.0,0.0,0.0,0.0,0.0,52
2015-11-08,0.0,0.0,1.0,0.2857142857142857,0.14285714285714285,16.428571428571427,0.0,0.0,0.0,0.5714285714285714,0.14285714285714285,24.857142857142858,0.0,0.0,0.0,0.0,53
2015-11-15,0.0,0.0,1.0,0.0,0.0,17.0,0.0,0.0,0.0,0.0,0.0,26.0,0.0,0.0,0.0,0.0,54
2015-11-22,0.0,0.0,1.0,0.0,0.0,17.0,0.0,0.0,0.0,0.0,0.0,26.0,0.0,0.0,0.0,0.0,55
2015-11-29,0.0,0.0,1.0,0.0,0.0,17.0,0.0,0.0,0.0,0.0,0.14285714285714285,25.0,0.0,0.0,0.0,0.0,56
2015-12-06,0.0,0.0,1.0,0.0,0.0,17.0,0.0,0.0,0.0,0.2857142857142857,0.0,26.428571428571427,0.0,0.0,0.0,0.0,57
2015-12-13,0.14285714285714285,0.0,1.8571428571428572,0.0,0.0,17.0,0.0,0.0,0.0,0.2857142857142857,0.0,28.571428571428573,0.0,0.0,0.0,0.0,58
2015-12-20,0.0,0.0,2.0,0.0,0.0,17.0,0.0,0.0,0.0,0.14285714285714285,0.0,29.571428571428573,0.0,0.0,0.0,0.0,59
2015-12-27,0.0,0.0,2.0,0.0,0.0,17.0,0.0,0.0,0.0,0.14285714285714285,0.0,30.857142857142858,0.0,0.0,0.0,0.0,60
2016-01-03,0.0,0.0,2.0,0.0,0.0,17.0,0.0,0.0,0.0,0.0,0.14285714285714285,30.428571428571427,0.0,0.0,0.0,0.0,61
2016-01-10,0.0,0.0,2.0,0.14285714285714285,0.0,17.571428571428573,0.0,0.0,0.0,0.42857142857142855,0.0,31.714285714285715,0.0,0.0,0.0,0.0,62
2016-01-17,0.0,0.0,2.0,0.14285714285714285,0.0,18.714285714285715,0.0,0.0,0.0,0.2857142857142857,0.0,34.142857142857146,0.0,0.0,0.0,0.0,63
2016-01-24,0.0,0.0,2.0,0.0,0.0,19.0,0.0,0.0,0.0,0.14285714285714285,0.0,35.57142857142857,0.0,0.0,0.0,0.0,64
2016-01-31,0.0,0.0,2.0,0.14285714285714285,0.14285714285714285,19.285714285714285,0.0,0.0,0.0,0.0,0.0,36.0,0.0,0.0,0.0,0.0,65
2016-02-07,0.0,0.0,2.0,0.0,0.0,19.0,0.0,0.0,0.0,0.14285714285714285,0.0,36.57142857142857,0.0,0.0,0.0,0.0,66
2016-02-14,0.0,0.0,2.0,0.0,0.0,19.0,0.0,0.0,0.0,0.0,0.2857142857142857,35.857142857142854,0.0,0.0,0.0,0.0,67
2016-02-21,0.0,0.0,2.0,0.0,0.0,19.0,0.0,0.0,0.0,0.0,0.0,35.0,0.0,0.0,0.0,0.0,68
2016-02-28,0.0,0.0,2.0,0.0,0.0,19.0,0.0,0.0,0.0,0.0,0.14285714285714285,34.57142857142857,0.0,0.0,0.0,0.0,69
2016-03-06,0.0,0.0,2.0,0.0,0.0,19.0,0.0,0.0,0.0,0.0,0.0,34.0,0.0,0.0,0.0,0.0,70
2016-03-13,0.14285714285714285,0.0,2.5714285714285716,0.42857142857142855,0.14285714285714285,20.142857142857142,0.0,0.0,0.0,0.2857142857142857,0.0,35.142857142857146,0.0,0.0,0.0,0.0,71
2016-03-20,0.0,0.0,3.0,0.0,0.0,21.0,0.0,0.0,0.0,0.14285714285714285,0.0,36.57142857142857,0.0,0.0,0.0,0.0,72
2016-03-27,0.0,0.0,3.0,0.0,0.0,21.0,0.0,0.0,0.0,0.0,0.0,37.0,0.0,0.0,0.0,0.0,73
2016-04-03,0.0,0.0,3.0,0.0,0.0,21.0,0.0,0.0,0.0,0.14285714285714285,0.0,37.42857142857143,0.0,0.0,0.0,0.0,74
2016-04-10,0.0,0.0,3.0,0.14285714285714285,0.0,21.571428571428573,0.0,0.0,0.0,0.7142857142857143,0.0,40.857142857142854,0.0,0.0,0.0,0.0,75
2016-04-17,0.0,0.0,3.0,0.0,0.14285714285714285,21.142857142857142,0.0,0.0,0.0,0.14285714285714285,0.14285714285714285,42.714285714285715,0.0,0.0,0.0,0.0,76
2016-04-24,0.0,0.0,3.0,0.0,0.0,21.0,0.0,0.0,0.0,0.0,0.0,43.0,0.0,0.0,0.0,0.0,77
2016-05-01,0.0,0.0,3.0,0.0,0.0,21.0,0.0,0.0,0.0,0.14285714285714285,0.0,43.857142857142854,0.0,0.0,0.0,0.0,78
2016-05-08,0.0,0.0,3.0,0.0,0.0,21.0,0.0,0.0,0.0,0.14285714285714285,0.0,44.57142857142857,0.0,0.0,0.0,0.0,79
2016-05-15,0.0,0.0,3.0,0.0,0.0,21.0,0.0,0.0,0.0,0.2857142857142857,0.0,46.142857142857146,0.0,0.0,0.0,0.0,80
2016-05-22,0.0,0.0,3.0,0.0,0.0,21.0,0.0,0.0,0.0,0.0,0.0,47.0,0.0,0.0,0.0,0.0,81
2016-05-29,0.0,0.0,3.0,0.0,0.0,21.0,0.0,0.0,0.0,0.0,0.0,47.0,0.0,0.0,0.0,0.0,82
2016-06-05,0.0,0.0,3.0,0.0,0.0,21.0,0.0,0.0,0.0,0.0,0.14285714285714285,46.285714285714285,0.0,0.0,0.0,0.0,83
2016-06-12,0.0,0.0,3.0,0.0,0.0,21.0,0.0,0.0,0.0,0.0,0.14285714285714285,45.42857142857143,0.0,0.0,0.0,0.0,84
2016-06-19,0.0,0.0,3.0,0.0,0.0,21.0,0.0,0.0,0.0,0.0,0.14285714285714285,44.0,0.0,0.0,0.0,0.0,85
2016-06-26,0.0,0.0,3.0,0.0,0.0,21.0,0.0,0.0,0.0,0.0,0.0,44.0,0.0,0.0,0.0,0.0,86
2016-07-03,0.0,0.0,3.0,0.0,0.0,21.0,0.0,0.0,0.0,0.0,0.14285714285714285,43.42857142857143,0.0,0.0,0.0,0.0,87
2016-07-10,0.0,0.0,3.0,0.0,0.14285714285714285,20.428571428571427,0.0,0.0,0.0,0.0,0.0,43.0,0.0,0.0,0.0,0.0,88
2016-07-17,0.0,0.0,3.0,0.0,0.14285714285714285,19.428571428571427,0.0,0.0,0.0,0.2857142857142857,0.0,44.142857142857146,0.0,0.0,0.0,0.0,89
2016-07-24,0.0,0.0,3.0,0.0,0.14285714285714285,18.428571428571427,0.0,0.0,0.0,0.0,0.2857142857142857,43.857142857142854,0.0,0.0,0.0,0.0,90
2016-07-31,0.0,0.0,3.0,0.0,0.14285714285714285,17.142857142857142,0.0,0.0,0.0,0.2857142857142857,0.0,44.142857142857146,0.0,0.0,0.0,0.0,91
2016-08-07,0.0,0.0,3.0,0.0,0.14285714285714285,16.428571428571427,0.0,0.0,0.0,0.0,0.0,45.0,0.0,0.0,0.0,0.0,92
2016-08-14,0.0,0.0,3.0,0.0,0.0,16.0,0.0,0.0,0.0,0.14285714285714285,0.14285714285714285,45.0,0.0,0.0,0.0,0.0,93
2016-08-21,0.0,0.0,3.0,0.0,0.0,16.0,0.0,0.0,0.0,0.0,0.0,45.0,0.0,0.0,0.0,0.0,94
2016-08-28,0.0,0.0,3.0,0.0,0.0,16.0,0.0,0.0,0.0,0.0,0.14285714285714285,44.285714285714285,0.0,0.0,0.0,0.0,95
2016-09-04,0.0,0.0,3.0,0.14285714285714285,0.0,16.571428571428573,0.0,0.0,0.0,0.14285714285714285,0.0,44.57142857142857,0.0,0.0,0.0,0.0,96
2016-09-11,0.0,0.0,3.0,0.0,0.0,17.0,0.0,0.0,0.0,0.0,0.0,45.0,0.0,0.0,0.0,0.0,97
2016-09-18,0.0,0.0,3.0,0.0,0.0,17.0,0.0,0.0,0.0,0.0,0.0,45.0,0.0,0.0,0.0,0.0,98
2016-09-25,0.0,0.0,3.0,0.0,0.0,17.0,0.0,0.0,0.0,0.0,0.0,45.0,0.0,0.0,0.0,0.0,99
2016-10-02,0.0,0.0,3.0,0.0,0.14285714285714285,16.285714285714285,0.0,0.0,0.0,0.0,0.0,45.0,0.0,0.0,0.0,0.0,100
2016-10-09,0.0,0.0,3.0,0.0,0.0,16.0,0.0,0.0,0.0,0.14285714285714285,0.0,45.57142857142857,0.0,0.0,0.0,0.0,101
2016-10-16,0.0,0.0,3.0,0.0,0.0,16.0,0.0,0.0,0.0,0.14285714285714285,0.14285714285714285,46.142857142857146,0.0,0.0,0.0,0.0,102
2016-10-23,0.0,0.0,3.0,0.0,0.0,16.0,0.0,0.0,0.0,0.0,0.0,46.0,0.0,0.0,0.0,0.0,103
2016-10-30,0.0,0.0,3.0,0.0,0.0,16.0,0.0,0.0,0.0,0.0,0.0,46.0,0.0,0.0,0.0,0.0,104
2016-11-06,0.0,0.0,3.0,0.0,0.0,16.0,0.0,0.0,0.0,0.0,0.14285714285714285,45.0,0.0,0.0,0.0,0.0,105
2016-11-13,0.0,0.0,3.0,0.0,0.0,16.0,0.0,0.0,0.0,0.0,0.0,45.0,0.0,0.0,0.0,0.0,106
2016-11-20,0.0,0.0,3.0,0.0,0.0,16.0,0.0,0.0,0.0,0.0,0.0,45.0,0.0,0.0,0.0,0.0,107
2016-11-27,0.0,0.0,3.0,0.0,0.0,16.0,0.0,0.0,0.0,0.14285714285714285,0.14285714285714285,45.0,0.0,0.0,0.0,0.0,108
2016-12-04,0.0,0.0,3.0,0.0,0.0,16.0,0.0,0.0,0.0,0.0,0.14285714285714285,44.42857142857143,0.0,0.0,0.0,0.0,109
2016-12-11,0.0,0.0,3.0,0.14285714285714285,0.0,16.857142857142858,0.0,0.0,0.0,0.0,0.14285714285714285,43.285714285714285,0.0,0.0,0.0,0.0,110
2016-12-18,0.0,0.0,3.0,0.0,0.0,17.0,0.0,0.0,0.0,0.0,0.0,43.0,0.0,0.0,0.0,0.0,111
2016-12-25,0.0,0.0,3.0,0.0,0.0,17.0,0.0,0.0,0.0,0.2857142857142857,0.0,44.714285714285715,0.0,0.0,0.0,0.0,112
2017-01-01,0.0,0.0,3.0,0.14285714285714285,0.0,17.571428571428573,0.0,0.0,0.0,0.0,0.0,45.0,0.0,0.0,0.0,0.0,113
2017-01-08,0.0,0.0,3.0,0.0,0.0,18.0,0.0,0.0,0.0,0.0,0.0,45.0,0.0,0.0,0.0,0.0,114
2017-01-15,0.0,0.0,3.0,0.0,0.2857142857142857,16.571428571428573,0.0,0.0,0.0,0.42857142857142855,0.0,46.714285714285715,0.0,0.0,0.0,0.0,115
2017-01-22,0.0,0.0,3.0,0.0,0.0,16.0,0.0,0.0,0.0,0.14285714285714285,0.0,48.57142857142857,0.0,0.0,0.0,0.0,116
2017-01-29,0.0,0.14285714285714285,2.4285714285714284,0.0,0.14285714285714285,15.428571428571429,0.0,0.0,0.0,0.0,1.7142857142857142,42.142857142857146,0.0,0.0,0.0,0.0,117
2017-02-05,0.0,0.0,2.0,0.0,0.0,15.0,0.0,0.0,0.0,0.0,0.14285714285714285,36.0,0.0,0.0,0.0,0.0,118
2017-02-12,0.0,0.0,2.0,0.14285714285714285,0.0,15.714285714285714,0.0,0.0,0.0,0.2857142857142857,0.0,37.142857142857146,0.0,0.0,0.0,0.0,119
2017-02-19,0.0,0.0,2.0,0.0,0.0,16.0,0.0,0.0,0.0,0.14285714285714285,0.0,38.57142857142857,0.0,0.0,0.0,0.0,120
2017-02-26,0.0,0.0,2.0,0.0,0.5714285714285714,13.142857142857142,0.0,0.0,0.0,0.0,0.14285714285714285,38.285714285714285,0.0,0.0,0.0,0.0,121
2017-03-05,0.0,0.0,2.0,0.0,0.0,12.0,0.0,0.0,0.0,0.14285714285714285,0.0,38.42857142857143,0.0,0.0,0.0,0.0,122
2017-03-12,0.0,0.0,2.0,0.0,0.0,12.0,0.0,0.0,0.0,0.0,0.0,39.0,0.0,0.0,0.0,0.0,123
2017-03-19,0.0,0.0,2.0,0.14285714285714285,0.0,12.571428571428571,0.0,0.0,0.0,0.0,0.0,39.0,0.0,0.0,0.0,0.0,124
2017-03-26,0.0,0.0,2.0,0.14285714285714285,0.0,13.714285714285714,0.0,0.0,0.0,0.14285714285714285,0.14285714285714285,39.42857142857143,0.0,0.0,0.0,0.0,125
2017-04-02,0.0,0.0,2.0,0.14285714285714285,0.0,14.857142857142858,0.0,0.0,0.0,0.0,0.0,39.0,0.0,0.0,0.0,0.0,126
2017-04-09,0.0,0.0,2.0,0.0,0.0,15.0,0.0,0.0,0.0,0.0,0.14285714285714285,38.142857142857146,0.0,0.0,0.0,0.0,127
2017-04-16,0.0,0.0,2.0,0.0,0.0,15.0,0.0,0.0,0.0,0.0,0.0,38.0,0.0,0.0,0.0,0.0,128
2017-04-23,0.0,0.0,2.0,0.14285714285714285,0.0,15.571428571428571,0.0,0.0,0.0,0.2857142857142857,0.0,39.57142857142857,0.0,0.0,0.0,0.0,129
2017-04-30,0.14285714285714285,0.0,2.857142857142857,0.0,0.14285714285714285,15.428571428571429,0.0,0.0,0.0,0.0,0.0,40.0,0.0,0.0,0.0,0.0,130
2017-05-07,0.0,0.0,3.0,0.14285714285714285,0.0,15.857142857142858,0.0,0.0,0.0,0.0,0.0,40.0,0.0,0.0,0.0,0.0,131
2017-05-14,0.14285714285714285,0.0,3.5714285714285716,0.0,0.14285714285714285,15.285714285714286,0.0,0.0,0.0,0.0,0.0,40.0,0.0,0.0,0.0,0.0,132
2017-05-21,0.0,0.0,4.0,0.0,0.0,15.0,0.0,0.0,0.0,0.2857142857142857,0.0,41.57142857142857,0.0,0.0,0.0,0.0,133
2017-05-28,0.0,0.0,4.0,0.2857142857142857,0.0,16.428571428571427,0.0,0.0,0.0,0.42857142857142855,0.0,44.142857142857146,0.0,0.0,0.0,0.0,134
2017-06-04,0.0,0.0,4.0,0.0,0.0,17.0,0.0,0.0,0.0,0.14285714285714285,0.0,45.714285714285715,0.0,0.0,0.0,0.0,135
2017-06-11,0.0,0.0,4.0,0.14285714285714285,0.14285714285714285,17.142857142857142,0.0,0.0,0.0,0.0,0.0,46.0,0.0,0.0,0.0,0.0,136
2017-06-18,0.0,0.0,4.0,0.0,0.0,17.0,0.0,0.0,0.0,0.0,0.14285714285714285,45.42857142857143,0.0,0.0,0.0,0.0,137
2017-06-25,0.0,0.0,4.0,0.0,0.0,17.0,0.0,0.0,0.0,0.2857142857142857,0.14285714285714285,45.857142857142854,0.0,0.0,0.0,0.0,138
2017-07-02,0.0,0.0,4.0,0.0,0.0,17.0,0.0,0.0,0.0,0.14285714285714285,0.0,46.714285714285715,0.0,0.0,0.0,0.0,139
2017-07-09,0.0,0.0,4.0,0.0,0.14285714285714285,16.428571428571427,0.0,0.0,0.0,0.42857142857142855,0.0,50.0,0.0,0.0,0.0,0.0,140
2017-07-16,0.0,0.0,4.0,0.0,0.14285714285714285,15.571428571428571,0.0,0.0,0.0,0.0,0.14285714285714285,49.42857142857143,0.0,0.0,0.0,0.0,141
2017-07-23,0.14285714285714285,0.0,4.571428571428571,0.0,0.0,15.0,0.0,0.0,0.0,0.0,0.0,49.0,0.0,0.0,0.0,0.0,142
2017-07-30,0.14285714285714285,0.14285714285714285,5.142857142857143,0.0,0.2857142857142857,13.714285714285714,0.0,0.0,0.0,0.0,1.5714285714285714,42.42857142857143,0.0,0.0,0.0,0.0,143
2017-08-06,0.0,0.0,5.0,0.14285714285714285,0.0,13.714285714285714,0.0,0.0,0.0,0.14285714285714285,0.0,38.714285714285715,0.0,0.0,0.0,0.0,144
2017-08-13,0.14285714285714285,0.0,5.571428571428571,0.0,0.0,14.0,0.0,0.0,0.0,0.0,0.0,39.0,0.0,0.0,0.0,0.0,145
2017-08-20,0.0,0.0,6.0,0.14285714285714285,0.0,14.571428571428571,0.0,0.0,0.0,0.0,0.0,39.0,0.0,0.0,0.0,0.0,146
2017-08-27,0.0,0.0,6.0,0.0,0.0,15.0,0.0,0.0,0.0,0.14285714285714285,0.0,39.42857142857143,0.0,0.0,0.0,0.0,147
2017-09-03,0.0,0.0,6.0,0.0,0.0,15.0,0.0,0.0,0.0,0.14285714285714285,0.14285714285714285,39.857142857142854,0.0,0.0,0.0,0.0,148
2017-09-10,0.0,0.0,6.0,0.14285714285714285,0.42857142857142855,13.714285714285714,0.0,0.0,0.0,0.0,0.0,40.0,0.0,0.0,0.0,0.0,149
2017-09-17,0.14285714285714285,0.0,6.142857142857143,0.0,0.0,13.0,0.0,0.0,0.0,0.14285714285714285,0.0,40.714285714285715,0.0,0.0,0.0,0.0,150
2017-09-24,0.0,0.0,7.0,0.0,0.0,13.0,0.0,0.0,0.0,0.42857142857142855,0.0,42.857142857142854,0.0,0.0,0.0,0.0,151
2017-10-01,0.0,0.14285714285714285,6.285714285714286,0.0,0.0,13.0,0.0,0.0,0.0,0.0,0.2857142857142857,42.714285714285715,0.0,0.0,0.0,0.0,152
2017-10-08,0.0,0.0,6.0,0.0,0.0,13.0,0.0,0.0,0.0,0.2857142857142857,0.0,43.57142857142857,0.0,0.0,0.0,0.0,153
2017-10-15,0.0,0.0,6.0,0.14285714285714285,0.0,13.714285714285714,0.0,0.0,0.0,0.0,0.14285714285714285,43.42857142857143,0.0,0.0,0.0,0.0,154
2017-10-22,0.0,0.0,6.0,0.0,0.0,14.0,0.0,0.0,0.0,0.14285714285714285,0.2857142857142857,41.857142857142854,0.0,0.0,0.0,0.0,155
2017-10-29,0.0,0.0,6.0,0.0,0.0,14.0,0.0,0.0,0.0,0.0,0.0,42.0,0.0,0.0,0.0,0.0,156
2017-11-05,0.0,0.0,6.0,0.0,0.0,14.0,0.0,0.0,0.0,0.0,0.0,42.0,0.0,0.0,0.0,0.0,157
2017-11-12,0.0,0.0,6.0,0.0,0.14285714285714285,13.142857142857142,0.0,0.0,0.0,0.0,0.0,42.0,0.0,0.0,0.0,0.0,158
2017-11-19,0.0,0.0,6.0,0.0,0.14285714285714285,12.142857142857142,0.0,0.0,0.0,0.0,0.5714285714285714,39.142857142857146,0.0,0.0,0.0,0.0,159
2017-11-26,0.0,0.0,6.0,0.0,0.0,12.0,0.0,0.0,0.0,0.2857142857142857,0.0,39.714285714285715,0.0,0.0,0.0,0.0,160
2017-12-03,0.0,0.0,6.0,0.0,0.0,12.0,0.0,0.0,0.0,0.14285714285714285,0.0,40.714285714285715,0.0,0.0,0.0,0.0,161
2017-12-10,0.0,0.0,6.0,0.0,0.0,12.0,0.0,0.0,0.0,0.14285714285714285,0.0,42.0,0.0,0.0,0.0,0.0,162
2017-12-17,0.0,0.0,6.0,0.0,0.0,12.0,0.0,0.0,0.0,0.14285714285714285,0.0,42.57142857142857,0.0,0.0,0.0,0.0,163
2017-12-24,0.0,0.0,6.0,0.0,0.0,12.0,0.0,0.0,0.0,0.2857142857142857,0.0,44.57142857142857,0.0,0.0,0.0,0.0,164
2017-12-31,0.0,0.0,6.0,0.0,0.0,12.0,0.0,0.0,0.0,0.0,0.0,45.0,0.0,0.0,0.0,0.0,165
2018-01-07,0.0,0.0,6.0,0.2857142857142857,0.0,13.142857142857142,0.0,0.0,0.0,0.14285714285714285,0.0,45.57142857142857,0.0,0.0,0.0,0.0,166
2018-01-14,0.0,0.0,6.0,0.0,0.0,14.0,0.0,0.0,0.0,0.14285714285714285,0.2857142857142857,45.285714285714285,0.0,0.0,0.0,0.0,167
2018-01-21,0.0,0.0,6.0,0.0,0.0,14.0,0.0,0.0,0.0,0.0,0.0,45.0,0.0,0.0,0.0,0.0,168
2018-01-28,0.0,0.0,6.0,0.0,0.0,14.0,0.0,0.0,0.0,0.0,0.0,45.0,0.0,0.0,0.0,0.0,169
2018-02-04,0.0,0.0,6.0,0.0,0.0,14.0,0.0,0.0,0.0,0.0,0.0,45.0,0.0,0.0,0.0,0.0,170
2018-02-11,0.0,0.0,6.0,0.0,0.0,14.0,0.0,0.0,0.0,0.0,0.0,45.0,0.0,0.0,0.0,0.0,171
2018-02-18,0.0,0.0,6.0,0.0,0.0,14.0,0.0,0.0,0.0,0.2857142857142857,0.14285714285714285,45.142857142857146,0.0,0.0,0.0,0.0,172
2018-02-25,0.0,0.0,6.0,0.0,0.0,14.0,0.0,0.0,0.0,0.0,0.14285714285714285,45.285714285714285,0.0,0.0,0.0,0.0,173
2018-03-04,0.14285714285714285,0.14285714285714285,5.857142857142857,0.14285714285714285,0.2857142857142857,13.571428571428571,0.0,0.0,0.0,0.42857142857142855,1.4285714285714286,40.857142857142854,0.0,0.0,0.0,0.0,174
2018-03-11,0.0,0.0,6.0,0.0,0.0,13.0,0.0,0.0,0.0,0.14285714285714285,0.0,38.42857142857143,0.0,0.0,0.0,0.0,175
2018-03-18,0.0,0.0,6.0,0.0,0.0,13.0,0.0,0.0,0.0,0.0,0.0,39.0,0.0,0.0,0.0,0.0,176
2018-03-25,0.0,0.0,6.0,0.0,0.0,13.0,0.0,0.0,0.0,0.14285714285714285,0.0,39.57142857142857,0.0,0.0,0.0,0.0,177
2018-04-01,0.0,0.0,6.0,0.0,0.0,13.0,0.0,0.0,0.0,0.2857142857142857,0.14285714285714285,40.57142857142857,0.0,0.0,0.0,0.0,178
2018-04-08,0.0,0.0,6.0,0.0,0.14285714285714285,12.428571428571429,0.0,0.0,0.0,0.2857142857142857,0.0,42.57142857142857,0.0,0.0,0.0,0.0,179
2018-04-15,0.0,0.0,6.0,0.0,0.0,12.0,0.0,0.0,0.0,0.0,0.0,43.0,0.0,0.0,0.0,0.0,180
2018-04-22,0.0,0.0,6.0,0.0,0.0,12.0,0.0,0.0,0.0,0.0,0.0,43.0,0.0,0.0,0.0,0.0,181
2018-04-29,0.14285714285714285,0.0,6.571428571428571,0.0,0.0,12.0,0.0,0.0,0.0,0.14285714285714285,0.14285714285714285,43.42857142857143,0.0,0.0,0.0,0.0,182
2018-05-06,0.0,0.0,7.0,0.0,0.0,12.0,0.0,0.0,0.0,0.5714285714285714,0.14285714285714285,44.57142857142857,0.0,0.0,0.0,0.0,183
2018-05-13,0.0,0.0,7.0,0.0,0.0,12.0,0.0,0.0,0.0,0.0,0.0,46.0,0.0,0.0,0.0,0.0,184
2018-05-20,0.0,0.14285714285714285,6.428571428571429,0.0,0.0,12.0,0.0,0.0,0.0,0.14285714285714285,0.14285714285714285,46.0,0.0,0.0,0.0,0.0,185
2018-05-27,0.14285714285714285,0.0,6.428571428571429,0.14285714285714285,0.0,12.428571428571429,0.0,0.0,0.0,0.14285714285714285,0.14285714285714285,46.142857142857146,0.0,0.0,0.0,0.0,186
2018-06-03,0.0,0.0,7.0,0.0,0.0,13.0,0.0,0.0,0.0,0.2857142857142857,0.14285714285714285,47.0,0.0,0.0,0.0,0.0,187
2018-06-10,0.14285714285714285,0.0,7.857142857142857,0.14285714285714285,0.0,14.0,0.0,0.0,0.0,0.42857142857142855,0.14285714285714285,48.42857142857143,0.0,0.0,0.0,0.0,188
2018-06-17,0.0,0.0,8.0,0.14285714285714285,0.0,14.428571428571429,0.0,0.0,0.0,0.14285714285714285,0.0,50.0,0.0,0.0,0.0,0.0,189
2018-06-24,0.0,0.0,8.0,0.0,0.0,15.0,0.14285714285714285,0.0,0.7142857142857143,0.2857142857142857,0.0,51.285714285714285,0.0,0.0,0.0,0.7142857142857143,190
2018-07-01,0.0,0.0,8.0,0.14285714285714285,0.0,15.857142857142858,0.0,0.0,1.0,0.2857142857142857,0.0,53.0,0.0,0.0,0.0,1.0,191
2018-07-08,0.0,0.0,8.0,0.0,0.0,16.0,0.0,0.0,1.0,0.0,0.0,54.0,0.0,0.0,0.0,1.0,192
2018-07-15,0.0,0.14285714285714285,7.0,0.0,0.0,16.0,0.0,0.0,1.0,0.0,0.0,54.0,0.0,0.0,0.0,1.0,193
2018-07-22,0.0,0.0,7.0,0.14285714285714285,0.0,16.857142857142858,0.0,0.0,1.0,0.0,0.5714285714285714,51.285714285714285,0.0,0.0,0.0,1.0,194
2018-07-29,0.0,0.0,7.0,0.0,0.0,17.0,0.0,0.0,1.0,0.0,0.0,50.0,0.0,0.0,0.0,1.0,195
2018-08-05,0.0,0.0,7.0,0.14285714285714285,0.0,17.571428571428573,0.0,0.0,1.0,0.0,0.0,50.0,0.0,0.0,0.0,1.0,196
2018-08-12,0.0,0.0,7.0,0.14285714285714285,0.0,18.857142857142858,0.0,0.0,1.0,0.14285714285714285,0.2857142857142857,49.714285714285715,0.0,0.0,0.0,1.0,197
2018-08-19,0.0,0.0,7.0,0.0,0.0,19.0,0.0,0.0,1.0,0.0,0.0,49.0,0.0,0.0,0.0,1.0,198
2018-08-26,0.0,0.0,7.0,0.0,0.0,19.0,0.0,0.0,1.0,0.0,0.14285714285714285,48.285714285714285,0.0,0.0,0.0,1.0,199
2018-09-02,0.0,0.0,7.0,0.14285714285714285,0.0,19.428571428571427,0.0,0.0,1.0,0.0,0.14285714285714285,47.42857142857143,0.0,0.0,0.0,1.0,200
2018-09-09,0.0,0.0,7.0,0.0,0.0,20.0,0.0,0.0,1.0,0.0,0.0,47.0,0.0,0.0,0.0,1.0,201
2018-09-16,0.0,0.0,7.0,0.0,0.0,20.0,0.0,0.0,1.0,0.0,0.0,47.0,0.0,0.0,0.0,1.0,202
2018-09-23,0.0,0.0,7.0,0.2857142857142857,0.0,21.428571428571427,0.0,0.0,1.0,0.0,0.0,47.0,0.0,0.0,0.0,1.0,203
2018-09-30,0.14285714285714285,0.0,7.857142857142857,0.0,0.14285714285714285,21.142857142857142,0.0,0.0,1.0,0.2857142857142857,0.14285714285714285,47.857142857142854,0.0,0.0,0.0,1.0,204
2018-10-07,0.0,0.0,8.0,0.0,0.14285714285714285,20.285714285714285,0.0,0.0,1.0,0.0,0.0,48.0,0.0,0.0,0.0,1.0,205
2018-10-14,0.0,0.14285714285714285,7.428571428571429,0.0,0.14285714285714285,19.428571428571427,0.0,0.0,1.0,0.14285714285714285,0.5714285714285714,46.57142857142857,0.0,0.0,0.0,1.0,206
2018-10-21,0.0,0.0,7.0,0.0,0.0,19.0,0.0,0.0,1.0,0.0,0.0,45.0,0.0,0.0,0.0,1.0,207
2018-10-28,0.0,0.0,7.0,0.14285714285714285,0.0,19.571428571428573,0.0,0.0,1.0,0.14285714285714285,0.14285714285714285,45.142857142857146,0.0,0.0,0.0,1.0,208
2018-11-04,0.0,0.0,7.0,0.0,0.0,20.0,0.0,0.0,1.0,0.14285714285714285,0.14285714285714285,45.42857142857143,0.0,0.0,0.0,1.0,209
2018-11-11,0.0,0.0,7.0,0.0,0.0,20.0,0.0,0.0,1.0,0.2857142857142857,0.0,46.714285714285715,0.0,0.0,0.0,1.0,210
2018-11-18,0.0,0.0,7.0,0.0,0.0,20.0,0.0,0.0,1.0,0.42857142857142855,0.2857142857142857,47.57142857142857,0.0,0.0,0.0,1.0,211
2018-11-25,0.0,0.0,7.0,0.14285714285714285,0.0,21.0,0.0,0.0,1.0,0.0,0.0,48.0,0.0,0.0,0.0,1.0,212
2018-12-02,0.0,0.0,7.0,0.0,0.0,21.0,0.0,0.0,1.0,0.0,0.42857142857142855,46.285714285714285,0.0,0.0,0.0,1.0,213
2018-12-09,0.0,0.0,7.0,0.2857142857142857,0.0,22.571428571428573,0.0,0.0,1.0,0.0,0.0,45.0,0.0,0.0,0.0,1.0,214
2018-12-16,0.0,0.0,7.0,0.14285714285714285,0.2857142857142857,22.142857142857142,0.0,0.0,1.0,0.0,0.0,45.0,0.0,0.0,0.0,1.0,215
2018-12-23,0.0,0.0,7.0,0.0,0.0,22.0,0.0,0.0,1.0,0.0,0.0,45.0,0.0,0.0,0.0,1.0,216
2018-12-30,0.0,0.0,7.0,0.0,0.0,22.0,0.0,0.0,1.0,0.0,0.0,45.0,0.0,0.0,0.0,1.0,217
2019-01-06,0.0,0.0,7.0,0.0,0.2857142857142857,20.571428571428573,0.0,0.0,1.0,0.0,0.2857142857142857,44.142857142857146,0.0,0.0,0.0,1.0,218
2019-01-13,0.0,0.2857142857142857,5.0,0.0,0.0,20.0,0.0,0.0,1.0,0.0,0.14285714285714285,42.285714285714285,0.0,0.0,0.0,1.0,219
2019-01-20,0.0,0.0,5.0,0.0,0.0,20.0,0.14285714285714285,0.0,1.4285714285714286,0.0,0.14285714285714285,41.42857142857143,0.0,0.0,0.0,1.4285714285714286,220
2019-01-27,0.0,0.0,5.0,0.14285714285714285,0.0,20.714285714285715,0.0,0.0,2.0,0.0,0.14285714285714285,40.42857142857143,0.0,0.0,0.0,2.0,221
2019-02-03,0.0,0.0,5.0,0.0,0.0,21.0,0.0,0.0,2.0,0.14285714285714285,0.14285714285714285,40.285714285714285,0.0,0.0,0.0,2.0,222
2019-02-10,0.0,0.0,5.0,0.0,0.0,21.0,0.0,0.0,2.0,0.14285714285714285,0.0,40.857142857142854,0.0,0.0,0.0,2.0,223
2019-02-17,0.0,0.0,5.0,0.0,0.0,21.0,0.0,0.0,2.0,0.0,0.0,41.0,0.0,0.0,0.0,2.0,224
2019-02-24,0.0,0.0,5.0,0.14285714285714285,0.0,21.428571428571427,0.0,0.0,2.0,0.14285714285714285,0.14285714285714285,40.857142857142854,0.0,0.0,0.0,2.0,225
2019-03-03,0.0,0.0,5.0,0.0,0.0,22.0,0.0,0.0,2.0,0.0,0.14285714285714285,40.42857142857143,0.0,0.0,0.0,2.0,226
2019-03-10,0.0,0.0,5.0,0.14285714285714285,0.0,23.0,0.0,0.0,2.0,0.0,0.14285714285714285,39.0,0.0,0.0,0.0,2.0,227
2019-03-17,0.0,0.0,5.0,0.0,0.0,23.0,0.0,0.0,2.0,0.0,0.14285714285714285,38.142857142857146,0.0,0.0,0.0,2.0,228
2019-03-24,0.0,0.0,5.0,0.0,0.0,23.0,0.0,0.0,2.0,0.42857142857142855,0.14285714285714285,38.714285714285715,0.0,0.0,0.0,2.0,229
2019-03-31,0.0,0.0,5.0,0.0,0.14285714285714285,22.142857142857142,0.0,0.0,2.0,0.14285714285714285,0.0,40.57142857142857,0.0,0.0,0.0,2.0,230
2019-04-07,0.0,0.0,5.0,0.0,0.0,22.0,0.0,0.0,2.0,0.0,0.14285714285714285,40.142857142857146,0.0,0.0,0.0,2.0,231
2019-04-14,0.0,0.0,5.0,0.0,0.14285714285714285,21.142857142857142,0.0,0.0,2.0,0.14285714285714285,0.14285714285714285,39.714285714285715,0.0,0.0,0.0,2.0,232
2019-04-21,0.0,0.0,5.0,0.14285714285714285,0.0,21.857142857142858,0.0,0.14285714285714285,1.1428571428571428,0.0,0.0,40.0,0.0,0.0,0.0,1.1428571428571428,233
2019-04-28,0.0,0.14285714285714285,4.142857142857143,0.0,0.0,22.0,0.0,0.0,1.0,0.0,0.0,40.0,0.14285714285714285,0.0,0.5714285714285714,1.5714285714285714,234
2019-05-05,0.0,0.0,4.0,0.0,0.0,22.0,0.0,0.0,1.0,0.0,0.42857142857142855,38.285714285714285,0.0,0.0,1.0,2.0,235
2019-05-12,0.14285714285714285,0.0,5.0,0.14285714285714285,0.0,22.857142857142858,0.0,0.0,1.0,0.0,0.14285714285714285,36.142857142857146,0.0,0.0,1.0,2.0,236
2019-05-19,0.0,0.0,5.0,0.0,0.0,23.0,0.0,0.0,1.0,0.2857142857142857,0.0,37.857142857142854,0.0,0.0,1.0,2.0,237
2019-05-26,0.0,0.0,5.0,0.0,0.0,23.0,0.0,0.0,1.0,0.14285714285714285,0.0,38.857142857142854,0.0,0.0,1.0,2.0,238
2019-06-02,0.0,0.14285714285714285,4.285714285714286,0.0,0.5714285714285714,20.142857142857142,0.0,0.0,1.0,0.14285714285714285,0.42857142857142855,37.714285714285715,0.0,0.0,1.0,2.0,239
2019-06-09,0.0,0.0,4.0,0.0,0.0,19.0,0.0,0.0,1.0,0.14285714285714285,0.0,37.857142857142854,0.0,0.0,1.0,2.0,240
2019-06-16,0.0,0.0,4.0,0.0,0.0,19.0,0.0,0.0,1.0,0.14285714285714285,0.0,39.0,0.0,0.0,1.0,2.0,241
2019-06-23,0.0,0.0,4.0,0.0,0.14285714285714285,18.428571428571427,0.0,0.0,1.0,0.14285714285714285,0.0,39.714285714285715,0.0,0.0,1.0,2.0,242
2019-06-30,0.0,0.0,4.0,0.0,0.14285714285714285,17.428571428571427,0.0,0.0,1.0,0.0,0.5714285714285714,37.714285714285715,0.0,0.0,1.0,2.0,243
2019-07-07,0.0,0.0,4.0,0.0,0.0,17.0,0.0,0.0,1.0,0.14285714285714285,0.0,36.42857142857143,0.0,0.0,1.0,2.0,244
2019-07-14,0.0,0.0,4.0,0.0,0.0,17.0,0.0,0.0,1.0,0.0,0.0,37.0,0.0,0.0,1.0,2.0,245
2019-07-21,0.0,0.0,4.0,0.14285714285714285,0.0,17.571428571428573,0.0,0.0,1.0,0.14285714285714285,0.0,37.57142857142857,0.0,0.0,1.0,2.0,246
2019-07-28,0.0,0.0,4.0,0.0,0.14285714285714285,17.285714285714285,0.0,0.0,1.0,0.0,0.0,38.0,0.0,0.0,1.0,2.0,247
2019-08-04,0.0,0.0,4.0,0.0,0.0,17.0,0.0,0.0,1.0,0.0,0.0,38.0,0.0,0.0,1.0,2.0,248
2019-08-11,0.0,0.0,4.0,0.0,0.0,17.0,0.0,0.0,1.0,0.0,0.0,38.0,0.0,0.0,1.0,2.0,249
2019-08-18,0.0,0.0,4.0,0.0,0.0,17.0,0.0,0.0,1.0,0.0,0.0,38.0,0.0,0.0,1.0,2.0,250
2019-08-25,0.0,0.0,4.0,0.0,0.14285714285714285,16.285714285714285,0.0,0.0,1.0,0.0,0.14285714285714285,37.285714285714285,0.0,0.0,1.0,2.0,251
2019-09-01,0.0,0.0,4.0,0.14285714285714285,0.0,16.428571428571427,0.0,0.0,1.0,0.0,0.14285714285714285,36.57142857142857,0.0,0.0,1.0,2.0,252
2019-09-08,0.0,0.0,4.0,0.0,0.14285714285714285,16.428571428571427,0.0,0.0,1.0,0.14285714285714285,0.14285714285714285,36.0,0.0,0.0,1.0,2.0,253
2019-09-15,0.0,0.0,4.0,0.0,0.14285714285714285,15.285714285714286,0.0,0.0,1.0,0.0,0.0,36.0,0.0,0.0,1.0,2.0,254
2019-09-22,0.0,0.0,4.0,0.0,0.14285714285714285,14.428571428571429,0.0,0.0,1.0,0.0,0.0,36.0,0.0,0.0,1.0,2.0,255
2019-09-29,0.0,0.0,4.0,0.0,0.0,14.0,0.0,0.0,1.0,0.0,0.14285714285714285,35.285714285714285,0.0,0.0,1.0,2.0,256
2019-10-06,0.0,0.0,4.0,0.0,0.0,14.0,0.0,0.0,1.0,0.14285714285714285,0.0,35.714285714285715,0.0,0.0,1.0,2.0,257
2019-10-13,0.0,0.0,4.0,0.0,0.0,14.0,0.0,0.0,1.0,0.0,0.14285714285714285,35.42857142857143,0.0,0.0,1.0,2.0,258
2019-10-20,0.0,0.0,4.0,0.0,0.0,14.0,0.0,0.0,1.0,0.0,0.14285714285714285,34.42857142857143,0.0,0.0,1.0,2.0,259
2019-10-27,0.0,0.0,4.0,0.0,0.0,14.0,0.0,0.0,1.0,0.0,0.2857142857142857,33.142857142857146,0.0,0.0,1.0,2.0,260
2019-11-03,0.0,0.0,4.0,0.0,0.0,14.0,0.0,0.0,1.0,0.0,0.0,32.0,0.0,0.0,1.0,2.0,261
2019-11-10,0.0,0.0,4.0,0.0,0.0,14.0,0.0,0.0,1.0,0.14285714285714285,0.0,33.0,0.0,0.0,1.0,2.0,262
2019-11-17,0.0,0.0,4.0,0.0,0.0,14.0,0.0,0.0,1.0,0.14285714285714285,0.14285714285714285,33.142857142857146,0.0,0.0,1.0,2.0,263
2019-11-24,0.0,0.0,4.0,0.0,0.14285714285714285,13.0,0.0,0.0,1.0,0.2857142857142857,0.0,34.0,0.0,0.0,1.0,2.0,264
2019-12-01,0.0,0.0,4.0,0.0,0.0,13.0,0.0,0.0,1.0,0.0,0.0,35.0,0.0,0.0,1.0,2.0,265
2019-12-08,0.0,0.0,4.0,0.0,0.14285714285714285,12.142857142857142,0.0,0.0,1.0,0.0,0.0,35.0,0.0,0.0,1.0,2.0,266
2019-12-15,0.14285714285714285,0.0,5.0,0.0,0.0,12.0,0.0,0.0,1.0,0.14285714285714285,0.0,35.857142857142854,0.0,0.0,1.0,2.0,267
2019-12-22,0.0,0.0,5.0,0.0,0.0,12.0,0.0,0.0,1.0,0.0,0.0,36.0,0.0,0.0,1.0,2.0,268
2019-12-29,0.0,0.0,5.0,0.14285714285714285,0.0,13.0,0.0,0.0,1.0,0.0,0.0,36.0,0.0,0.0,1.0,2.0,269
2020-01-05,0.0,0.0,5.0,0.0,0.0,13.0,0.0,0.0,1.0,0.14285714285714285,0.0,36.57142857142857,0.0,0.0,1.0,2.0,270
2020-01-12,0.14285714285714285,0.14285714285714285,5.285714285714286,0.0,0.0,13.0,0.0,0.0,1.0,0.0,0.0,37.0,0.0,0.0,1.0,2.0,271
2020-01-19,0.0,0.0,5.0,0.0,0.0,13.0,0.0,0.0,1.0,0.2857142857142857,0.14285714285714285,37.142857142857146,0.0,0.0,1.0,2.0,272
2020-01-26,0.0,0.0,5.0,0.0,0.14285714285714285,12.571428571428571,0.0,0.0,1.0,0.0,0.14285714285714285,37.57142857142857,0.0,0.0,1.0,2.0,273
2020-02-02,0.0,0.0,5.0,0.0,0.2857142857142857,10.714285714285714,0.0,0.0,1.0,0.14285714285714285,0.5714285714285714,35.42857142857143,0.0,0.0,1.0,2.0,274
2020-02-09,0.0,0.0,5.0,0.0,0.0,10.0,0.0,0.0,1.0,0.0,0.0,34.0,0.0,0.0,1.0,2.0,275
2020-02-16,0.0,0.0,5.0,0.0,0.0,10.0,0.0,0.0,1.0,0.0,0.0,34.0,0.0,0.0,1.0,2.0,276
2020-02-23,0.0,0.0,5.0,0.14285714285714285,0.2857142857142857,9.142857142857142,0.0,0.0,1.0,0.0,0.42857142857142855,31.428571428571427,0.0,0.0,1.0,2.0,277
2020-03-01,0.0,0.0,5.0,0.0,0.0,9.0,0.0,0.0,1.0,0.0,0.0,31.0,0.0,0.0,1.0,2.0,278
2020-03-08,0.0,0.0,5.0,0.0,0.0,9.0,0.0,0.14285714285714285,0.2857142857142857,0.0,0.14285714285714285,30.285714285714285,0.0,0.0,1.0,1.2857142857142858,279
2020-03-15,0.0,0.0,5.0,0.0,0.0,9.0,0.0,0.0,0.0,0.0,0.0,30.0,0.0,0.0,1.0,1.0,280
2020-03-22,0.0,0.0,5.0,0.0,0.0,9.0,0.0,0.0,0.0,0.0,0.0,30.0,0.0,0.0,1.0,1.0,281
2020-03-29,0.0,0.0,5.0,0.0,0.0,9.0,0.0,0.0,0.0,0.0,0.0,30.0,0.0,0.0,1.0,1.0,282
2020-04-05,0.0,0.0,5.0,0.0,0.0,9.0,0.0,0.0,0.0,0.0,0.0,30.0,0.0,0.0,1.0,1.0,283
2020-04-12,0.0,0.0,5.0,0.0,0.0,9.0,0.0,0.0,0.0,0.0,0.0,30.0,0.0,0.0,1.0,1.0,284
2020-04-19,0.0,0.0,5.0,0.0,0.0,9.0,0.0,0.0,0.0,0.0,0.0,30.0,0.0,0.0,1.0,1.0,285
2020-04-26,0.0,0.0,5.0,0.0,0.0,9.0,0.0,0.0,0.0,0.0,0.0,30.0,0.0,0.0,1.0,1.0,286
2020-05-03,0.0,0.0,5.0,0.0,0.0,9.0,0.0,0.0,0.0,0.0,0.0,30.0,0.0,0.0,1.0,1.0,287
2020-05-10,0.0,0.0,5.0,0.0,0.0,9.0,0.0,0.0,0.0,0.14285714285714285,0.0,30.714285714285715,0.0,0.0,1.0,1.0,288
2020-05-17,0.0,0.0,5.0,0.0,0.0,9.0,0.0,0.0,0.0,0.0,0.0,31.0,0.0,0.0,1.0,1.0,289
2020-05-24,0.0,0.0,5.0,0.0,0.0,9.0,0.0,0.0,0.0,0.0,0.0,31.0,0.0,0.0,1.0,1.0,290
2020-05-31,0.0,0.0,5.0,0.0,0.0,9.0,0.0,0.0,0.0,0.0,0.0,31.0,0.0,0.0,1.0,1.0,291
2020-06-07,0.0,0.2857142857142857,3.5714285714285716,0.0,0.42857142857142855,7.0,0.0,0.0,0.0,0.0,0.14285714285714285,30.285714285714285,0.0,0.0,1.0,1.0,292
2020-06-14,0.0,0.14285714285714285,2.2857142857142856,0.0,0.0,6.0,0.0,0.0,0.0,0.0,0.2857142857142857,28.428571428571427,0.0,0.0,1.0,1.0,293
2020-06-21,0.0,0.0,2.0,0.0,0.0,6.0,0.0,0.0,0.0,0.0,0.0,28.0,0.0,0.0,1.0,1.0,294
2020-06-28,0.0,0.0,2.0,0.0,0.0,6.0,0.0,0.0,0.0,0.0,0.14285714285714285,27.428571428571427,0.0,0.0,1.0,1.0,295
2020-07-05,0.0,0.0,2.0,0.0,0.0,6.0,0.0,0.0,0.0,0.14285714285714285,0.0,27.571428571428573,0.0,0.0,1.0,1.0,296
2020-07-12,0.0,0.0,2.0,0.0,0.0,6.0,0.0,0.0,0.0,0.2857142857142857,0.0,29.571428571428573,0.0,0.0,1.0,1.0,297
2020-07-19,0.0,0.0,2.0,0.0,0.0,6.0,0.0,0.0,0.0,0.0,0.14285714285714285,29.285714285714285,0.0,0.0,1.0,1.0,298
2020-07-26,0.0,0.0,2.0,0.0,0.0,6.0,0.0,0.0,0.0,0.0,0.14285714285714285,28.571428571428573,0.0,0.0,1.0,1.0,299
2020-08-02,0.0,0.0,2.0,0.14285714285714285,0.0,6.571428571428571,0.0,0.0,0.0,0.0,0.14285714285714285,27.0,0.0,0.0,1.0,1.0,300
2020-08-09,0.0,0.0,2.0,0.0,0.0,7.0,0.0,0.0,0.0,0.0,0.0,27.0,0.0,0.0,1.0,1.0,301
2020-08-16,0.0,0.0,2.0,0.0,0.0,7.0,0.0,0.0,0.0,0.0,0.0,27.0,0.0,0.0,1.0,1.0,302
2020-08-23,0.0,0.0,2.0,0.0,0.0,7.0,0.0,0.0,0.0,0.0,0.0,27.0,0.0,0.0,1.0,1.0,303
2020-08-30,0.0,0.0,2.0,0.0,0.0,7.0,0.0,0.0,0.0,0.14285714285714285,0.0,27.571428571428573,0.0,0.0,1.0,1.0,304
2020-09-06,0.14285714285714285,0.0,2.5714285714285716,0.0,0.0,7.0,0.0,0.0,0.0,0.0,0.0,28.0,0.0,0.0,1.0,1.0,305
2020-09-13,0.0,0.0,3.0,0.0,0.0,7.0,0.0,0.0,0.0,0.0,0.0,28.0,0.0,0.0,1.0,1.0,306
2020-09-20,0.0,0.0,3.0,0.0,0.0,7.0,0.0,0.0,0.0,0.14285714285714285,0.14285714285714285,27.571428571428573,0.0,0.0,1.0,1.0,307
2020-09-27,0.0,0.0,3.0,0.0,0.0,7.0,0.0,0.0,0.0,0.0,0.0,28.0,0.0,0.0,1.0,1.0,308
2020-10-04,0.0,0.0,3.0,0.0,0.2857142857142857,5.857142857142857,0.0,0.0,0.0,0.0,0.8571428571428571,24.571428571428573,0.0,0.0,1.0,1.0,309
2020-10-11,0.0,0.0,3.0,0.0,0.0,5.0,0.0,0.0,0.0,0.0,0.0,22.0,0.0,0.0,1.0,1.0,310
2020-10-18,0.0,0.0,3.0,0.0,0.0,5.0,0.0,0.0,0.0,0.0,0.0,22.0,0.0,0.0,1.0,1.0,311
2020-10-25,0.0,0.0,3.0,0.0,0.0,5.0,0.0,0.0,0.0,0.0,0.0,22.0,0.0,0.0,1.0,1.0,312
2020-11-01,0.0,0.0,3.0,0.0,0.0,5.0,0.0,0.0,0.0,0.14285714285714285,0.0,22.571428571428573,0.0,0.0,1.0,1.0,313
2020-11-08,0.0,0.0,3.0,0.0,0.0,5.0,0.0,0.0,0.0,0.0,0.0,23.0,0.0,0.0,1.0,1.0,314
2020-11-15,0.0,0.0,3.0,0.0,0.0,5.0,0.0,0.0,0.0,0.0,0.0,23.0,0.0,0.0,1.0,1.0,315
2020-11-22,0.0,0.0,3.0,0.0,0.0,5.0,0.0,0.0,0.0,0.0,0.0,23.0,0.0,0.0,1.0,1.0,316
2020-11-29,0.0,0.0,3.0,0.0,0.0,5.0,0.0,0.0,0.0,0.0,0.0,23.0,0.0,0.0,1.0,1.0,317
2020-12-06,0.0,0.0,3.0,0.0,0.0,5.0,0.0,0.0,0.0,0.0,0.0,23.0,0.0,0.0,1.0,1.0,318
2020-12-13,0.0,0.0,3.0,0.0,0.0,5.0,0.0,0.0,0.0,0.0,0.0,23.0,0.0,0.0,1.0,1.0,319
2020-12-20,0.0,0.14285714285714285,2.0,0.0,0.0,5.0,0.0,0.0,0.0,0.0,0.0,23.0,0.0,0.0,1.0,1.0,320
2020-12-27,0.0,0.0,2.0,0.0,0.0,5.0,0.0,0.0,0.0,0.0,0.0,23.0,0.0,0.0,1.0,1.0,321
2021-01-03,0.0,0.0,2.0,0.0,0.0,5.0,0.0,0.0,0.0,0.0,0.0,23.0,0.0,0.0,1.0,1.0,322
2021-01-10,0.0,0.0,2.0,0.14285714285714285,0.0,5.857142857142857,0.0,0.0,0.0,0.0,0.14285714285714285,22.428571428571427,0.0,0.0,1.0,1.0,323
2021-01-17,0.0,0.0,2.0,0.0,0.0,6.0,0.0,0.0,0.0,0.14285714285714285,0.0,22.571428571428573,0.0,0.0,1.0,1.0,324
2021-01-24,0.0,0.0,2.0,0.0,0.0,6.0,0.0,0.0,0.0,0.0,0.5714285714285714,19.857142857142858,0.0,0.14285714285714285,0.14285714285714285,0.14285714285714285,325
2021-01-31,0.0,0.0,2.0,0.0,0.14285714285714285,5.0,0.0,0.0,0.0,0.0,0.0,19.0,0.0,0.0,0.0,0.0,326
2021-02-07,0.0,0.0,2.0,0.0,0.0,5.0,0.0,0.0,0.0,0.0,0.0,19.0,0.0,0.0,0.0,0.0,327
2021-02-14,0.0,0.0,2.0,0.0,0.0,5.0,0.0,0.0,0.0,0.0,0.0,19.0,0.0,0.0,0.0,0.0,328
2021-02-21,0.0,0.0,2.0,0.0,0.0,5.0,0.0,0.0,0.0,0.0,0.0,19.0,0.0,0.0,0.0,0.0,329
2021-02-28,0.0,0.0,2.0,0.0,0.0,5.0,0.0,0.0,0.0,0.0,0.14285714285714285,18.0,0.0,0.0,0.0,0.0,330
2021-03-07,0.0,0.0,2.0,0.0,0.0,5.0,0.0,0.0,0.0,0.0,0.14285714285714285,17.428571428571427,0.0,0.0,0.0,0.0,331
2021-03-14,0.0,0.0,2.0,0.0,0.0,5.0,0.0,0.0,0.0,0.0,0.0,17.0,0.0,0.0,0.0,0.0,332
2021-03-21,0.0,0.0,2.0,0.0,0.0,5.0,0.0,0.0,0.0,0.0,0.0,17.0,0.0,0.0,0.0,0.0,333
2021-03-28,0.0,0.0,2.0,0.0,0.0,5.0,0.0,0.0,0.0,0.14285714285714285,0.0,18.0,0.0,0.0,0.0,0.0,334
2021-04-04,0.0,0.0,2.0,0.0,0.0,5.0,0.0,0.0,0.0,0.0,0.0,18.0,0.0,0.0,0.0,0.0,335
2021-04-11,0.0,0.0,2.0,0.0,0.0,5.0,0.0,0.0,0.0,0.0,0.0,18.0,0.0,0.0,0.0,0.0,336
2021-04-18,0.0,0.0,2.0,0.0,0.0,5.0,0.0,0.0,0.0,0.0,0.0,18.0,0.0,0.0,0.0,0.0,337
2021-04-25,0.0,0.0,2.0,0.14285714285714285,0.14285714285714285,5.142857142857143,0.0,0.0,0.0,0.0,0.0,18.0,0.0,0.0,0.0,0.0,338
2021-05-02,0.0,0.0,2.0,0.0,0.0,5.0,0.0,0.0,0.0,0.0,0.14285714285714285,17.571428571428573,0.0,0.0,0.0,0.0,339
2021-05-09,0.0,0.0,2.0,0.0,0.0,5.0,0.0,0.0,0.0,0.0,0.2857142857142857,15.0,0.0,0.0,0.0,0.0,340
2021-05-16,0.0,0.0,2.0,0.0,0.0,5.0,0.0,0.0,0.0,0.0,0.0,15.0,0.0,0.0,0.0,0.0,341
2021-05-23,0.0,0.0,2.0,0.0,0.0,5.0,0.0,0.0,0.0,0.0,0.0,15.0,0.0,0.0,0.0,0.0,342
2021-05-30,0.0,0.0,2.0,0.0,0.14285714285714285,4.428571428571429,0.0,0.0,0.0,0.0,0.8571428571428571,11.0,0.0,0.0,0.0,0.0,343
2021-06-06,0.0,0.0,2.0,0.0,0.0,4.0,0.0,0.0,0.0,0.0,0.0,9.0,0.0,0.0,0.0,0.0,344
2021-06-13,0.0,0.0,2.0,0.14285714285714285,0.0,4.857142857142857,0.0,0.0,0.0,0.0,0.0,9.0,0.0,0.0,0.0,0.0,345
2021-06-20,0.0,0.0,2.0,0.0,0.0,5.0,0.0,0.0,0.0,0.0,0.14285714285714285,8.571428571428571,0.0,0.0,0.0,0.0,346
2021-06-27,0.0,0.0,2.0,0.0,0.14285714285714285,4.571428571428571,0.0,0.0,0.0,0.0,0.0,8.0,0.0,0.0,0.0,0.0,347
2021-07-04,0.0,0.0,2.0,0.14285714285714285,0.14285714285714285,4.428571428571429,0.0,0.0,0.0,0.0,0.0,8.0,0.0,0.0,0.0,0.0,348
2021-07-11,0.0,0.0,2.0,0.0,0.0,4.0,0.0,0.0,0.0,0.0,0.0,8.0,0.0,0.0,0.0,0.0,349
2021-07-18,0.0,0.0,2.0,0.0,0.0,4.0,0.0,0.0,0.0,0.0,0.0,8.0,0.0,0.0,0.0,0.0,350
2021-07-25,0.14285714285714285,0.0,3.0,0.0,0.14285714285714285,3.5714285714285716,0.0,0.0,0.0,0.0,0.0,8.0,0.0,0.0,0.0,0.0,351
2021-08-01,0.0,0.0,3.0,0.0,0.0,3.0,0.0,0.0,0.0,0.0,0.0,8.0,0.0,0.0,0.0,0.0,352
2021-08-08,0.0,0.0,3.0,0.0,0.0,3.0,0.0,0.0,0.0,0.0,0.0,8.0,0.0,0.0,0.0,0.0,353
2021-08-15,0.0,0.0,3.0,0.0,0.0,3.0,0.0,0.0,0.0,0.0,0.0,8.0,0.0,0.0,0.0,0.0,354
2021-08-22,0.0,0.0,3.0,0.0,0.0,3.0,0.0,0.0,0.0,0.0,0.0,8.0,0.0,0.0,0.0,0.0,355
2021-08-29,0.0,0.0,3.0,0.0,0.0,3.0,0.0,0.0,0.0,0.0,0.0,8.0,0.0,0.0,0.0,0.0,356
2021-09-05,0.0,0.0,3.0,0.0,0.0,3.0,0.0,0.0,0.0,0.0,0.0,8.0,0.0,0.0,0.0,0.0,357
2021-09-12,0.0,0.0,3.0,0.0,0.0,3.0,0.0,0.0,0.0,0.0,0.0,8.0,0.0,0.0,0.0,0.0,358
2021-09-19,0.0,0.0,3.0,0.0,0.0,3.0,0.0,0.0,0.0,0.0,0.14285714285714285,7.571428571428571,0.0,0.0,0.0,0.0,359
2021-09-26,0.0,0.0,3.0,0.0,0.0,3.0,0.0,0.0,0.0,0.0,0.42857142857142855,4.0,0.0,0.0,0.0,0.0,360
2021-10-03,0.0,0.0,3.0,0.0,0.0,3.0,0.0,0.0,0.0,0.0,0.0,4.0,0.0,0.0,0.0,0.0,361
2021-10-10,0.0,0.0,3.0,0.0,0.0,3.0,0.0,0.0,0.0,0.0,0.0,4.0,0.0,0.0,0.0,0.0,362
2021-10-17,0.0,0.0,3.0,0.0,0.0,3.0,0.0,0.0,0.0,0.0,0.0,4.0,0.0,0.0,0.0,0.0,363
2021-10-24,0.0,0.0,3.0,0.0,0.0,3.0,0.0,0.0,0.0,0.0,0.0,4.0,0.0,0.0,0.0,0.0,364
2021-10-31,0.0,0.0,3.0,0.0,0.0,3.0,0.0,0.0,0.0,0.14285714285714285,0.0,4.428571428571429,0.0,0.0,0.0,0.0,365
2021-11-07,0.0,0.0,3.0,0.0,0.0,3.0,0.0,0.0,0.0,0.0,0.0,5.0,0.0,0.0,0.0,0.0,366
2021-11-14,0.0,0.0,3.0,0.14285714285714285,0.0,4.0,0.0,0.0,0.0,0.0,0.0,5.0,0.0,0.0,0.0,0.0,367
2021-11-21,0.0,0.0,3.0,0.0,0.0,4.0,0.0,0.0,0.0,0.0,0.0,5.0,0.0,0.0,0.0,0.0,368
2021-11-28,0.0,0.0,3.0,0.0,0.0,4.0,0.0,0.0,0.0,0.0,0.0,5.0,0.0,0.0,0.0,0.0,369
2021-12-05,0.0,0.0,3.0,0.0,0.0,4.0,0.0,0.0,0.0,0.0,0.0,5.0,0.0,0.0,0.0,0.0,370
2021-12-12,0.0,0.0,3.0,0.0,0.0,4.0,0.0,0.0,0.0,0.0,0.0,5.0,0.0,0.0,0.0,0.0,371
2021-12-19,0.0,0.0,3.0,0.0,0.0,4.0,0.0,0.0,0.0,0.0,0.0,5.0,0.0,0.0,0.0,0.0,372
2021-12-26,0.0,0.0,3.0,0.0,0.0,4.0,0.0,0.0,0.0,0.0,0.0,5.0,0.0,0.0,0.0,0.0,373
2022-01-02,0.0,0.0,3.0,0.0,0.0,4.0,0.0,0.0,0.0,0.0,0.0,5.0,0.0,0.0,0.0,0.0,374
