Date,Arrivals_40,Departures_40,Census_40,Arrivals_10,Departures_10,Census_10,Arrivals_20,Departures_20,Census_20,Arrivals_250,Departures_250,Census_250,Arrivals_60,Departures_60,Census_60,Arrivals_255,Departures_255,Census_255,OtherCensus,Day
2015-04-05,0.0,0.0,0.0,0.4,0.0,2.0,0.0,0.0,0.0,0.0,0.0,0.0,0.0,0.0,0.0,0.0,0.0,0.0,0.0,1
2015-04-12,0.14285714285714285,0.0,0.5714285714285714,0.14285714285714285,0.0,2.5714285714285716,0.0,0.0,0.0,0.0,0.0,0.0,0.0,0.0,0.0,0.0,0.0,0.0,0.0,2
2015-04-19,0.0,0.0,1.0,0.14285714285714285,0.0,3.5714285714285716,0.0,0.0,0.0,0.0,0.0,0.0,0.0,0.0,0.0,0.0,0.0,0.0,0.0,3
2015-04-26,0.0,0.0,1.0,0.0,0.0,4.0,0.0,0.0,0.0,0.0,0.0,0.0,0.0,0.0,0.0,0.0,0.0,0.0,0.0,4
2015-05-03,0.14285714285714285,0.0,2.0,0.14285714285714285,0.0,5.0,0.0,0.0,0.0,0.0,0.0,0.0,0.0,0.0,0.0,0.0,0.0,0.0,0.0,5
2015-05-10,0.0,0.0,2.0,0.0,0.0,5.0,0.0,0.0,0.0,0.0,0.0,0.0,0.0,0.0,0.0,0.0,0.0,0.0,0.0,6
2015-05-17,0.0,0.0,2.0,0.2857142857142857,0.0,6.428571428571429,0.0,0.0,0.0,0.0,0.0,0.0,0.0,0.0,0.0,0.0,0.0,0.0,0.0,7
2015-05-24,0.0,0.0,2.0,0.14285714285714285,0.0,7.714285714285714,0.0,0.0,0.0,0.0,0.0,0.0,0.0,0.0,0.0,0.0,0.0,0.0,0.0,8
2015-05-31,0.0,0.0,2.0,0.0,0.0,8.0,0.0,0.0,0.0,0.0,0.0,0.0,0.0,0.0,0.0,0.0,0.0,0.0,0.0,9
2015-06-07,0.0,0.0,2.0,0.2857142857142857,0.0,9.571428571428571,0.0,0.0,0.0,0.0,0.0,0.0,0.0,0.0,0.0,0.0,0.0,0.0,0.0,10
2015-06-14,0.0,0.0,2.0,0.0,0.0,10.0,0.0,0.0,0.0,0.0,0.0,0.0,0.0,0.0,0.0,0.0,0.0,0.0,0.0,11
2015-06-21,0.0,0.0,2.0,0.0,0.0,10.0,0.0,0.0,0.0,0.0,0.0,0.0,0.0,0.0,0.0,0.0,0.0,0.0,0.0,12
2015-06-28,0.14285714285714285,0.0,3.0,0.5714285714285714,0.0,13.714285714285714,0.0,0.0,0.0,0.0,0.0,0.0,0.0,0.0,0.0,0.0,0.0,0.0,0.0,13
2015-07-05,0.0,0.0,3.0,0.0,0.0,14.0,0.0,0.0,0.0,0.0,0.0,0.0,0.0,0.0,0.0,0.0,0.0,0.0,0.0,14
2015-07-12,0.14285714285714285,0.0,3.7142857142857144,0.0,0.0,14.0,0.0,0.0,0.0,0.0,0.0,0.0,0.0,0.0,0.0,0.0,0.0,0.0,0.0,15
2015-07-19,0.0,0.0,4.0,0.14285714285714285,0.0,15.0,0.0,0.0,0.0,0.0,0.0,0.0,0.0,0.0,0.0,0.0,0.0,0.0,0.0,16
2015-07-26,0.0,0.0,4.0,0.14285714285714285,0.0,15.714285714285714,0.0,0.0,0.0,0.0,0.0,0.0,0.0,0.0,0.0,0.0,0.0,0.0,0.0,17
2015-08-02,0.14285714285714285,0.0,5.0,0.42857142857142855,0.0,18.571428571428573,0.0,0.0,0.0,0.0,0.0,0.0,0.14285714285714285,0.0,0.5714285714285714,0.0,0.0,0.0,0.0,18
2015-08-09,0.0,0.0,5.0,0.0,0.0,19.0,0.0,0.0,0.0,0.0,0.0,0.0,0.0,0.0,1.0,0.0,0.0,0.0,0.0,19
2015-08-16,0.14285714285714285,0.0,5.857142857142857,0.2857142857142857,0.0,20.714285714285715,0.0,0.0,0.0,0.0,0.0,0.0,0.0,0.0,1.0,0.0,0.0,0.0,0.0,20
2015-08-23,0.0,0.0,6.0,0.14285714285714285,0.0,21.571428571428573,0.0,0.0,0.0,0.0,0.0,0.0,0.0,0.0,1.0,0.0,0.0,0.0,0.0,21
2015-08-30,0.0,0.0,6.0,0.42857142857142855,0.0,24.428571428571427,0.0,0.0,0.0,0.0,0.0,0.0,0.0,0.0,1.0,0.0,0.0,0.0,0.0,22
2015-09-06,0.0,0.0,6.0,0.42857142857142855,0.0,28.0,0.0,0.0,0.0,0.0,0.0,0.0,0.0,0.0,1.0,0.0,0.0,0.0,0.0,23
2015-09-13,0.0,0.0,6.0,0.2857142857142857,0.0,29.714285714285715,0.0,0.0,0.0,0.0,0.0,0.0,0.14285714285714285,0.0,1.7142857142857142,0.0,0.0,0.0,0.0,24
2015-09-20,0.0,0.0,6.0,0.2857142857142857,0.0,31.857142857142858,0.0,0.0,0.0,0.0,0.0,0.0,0.0,0.0,2.0,0.0,0.0,0.0,0.0,25
2015-09-27,0.0,0.0,6.0,0.14285714285714285,0.0,33.0,0.0,0.0,0.0,0.0,0.0,0.0,0.0,0.0,2.0,0.0,0.0,0.0,0.0,26
2015-10-04,0.0,0.0,6.0,0.0,0.0,33.0,0.0,0.0,0.0,0.0,0.0,0.0,0.0,0.0,2.0,0.0,0.0,0.0,0.0,27
2015-10-11,0.0,0.0,6.0,0.0,0.0,33.0,0.0,0.0,0.0,0.0,0.0,0.0,0.0,0.0,2.0,0.0,0.0,0.0,0.0,28
2015-10-18,0.0,0.0,6.0,0.14285714285714285,0.0,33.57142857142857,0.0,0.0,0.0,0.0,0.0,0.0,0.0,0.0,2.0,0.0,0.0,0.0,0.0,29
2015-10-25,0.0,0.0,6.0,0.2857142857142857,0.0,35.57142857142857,0.0,0.0,0.0,0.0,0.0,0.0,0.0,0.0,2.0,0.0,0.0,0.0,0.0,30
2015-11-01,0.0,0.0,6.0,0.14285714285714285,0.0,36.57142857142857,0.0,0.0,0.0,0.0,0.0,0.0,0.14285714285714285,0.0,2.5714285714285716,0.0,0.0,0.0,0.0,31
2015-11-08,0.0,0.0,6.0,0.2857142857142857,0.0,38.857142857142854,0.0,0.0,0.0,0.0,0.0,0.0,0.0,0.0,3.0,0.0,0.0,0.0,0.0,32
2015-11-15,0.14285714285714285,0.0,7.0,0.0,0.0,39.0,0.0,0.0,0.0,0.0,0.0,0.0,0.0,0.0,3.0,0.0,0.0,0.0,0.0,33
2015-11-22,0.0,0.0,7.0,0.2857142857142857,0.0,40.42857142857143,0.0,0.0,0.0,0.0,0.0,0.0,0.0,0.0,3.0,0.0,0.0,0.0,0.0,34
2015-11-29,0.0,0.0,7.0,0.0,0.0,41.0,0.0,0.0,0.0,0.0,0.0,0.0,0.0,0.0,3.0,0.0,0.0,0.0,0.0,35
2015-12-06,0.14285714285714285,0.0,7.428571428571429,0.0,0.0,41.0,0.0,0.0,0.0,0.0,0.0,0.0,0.0,0.0,3.0,0.0,0.0,0.0,0.0,36
2015-12-13,0.0,0.0,8.0,0.14285714285714285,0.0,41.57142857142857,0.0,0.0,0.0,0.0,0.0,0.0,0.0,0.0,3.0,0.0,0.0,0.0,0.0,37
2015-12-20,0.0,0.0,8.0,0.14285714285714285,0.0,42.857142857142854,0.0,0.0,0.0,0.0,0.0,0.0,0.0,0.0,3.0,0.0,0.0,0.0,0.0,38
2015-12-27,0.0,0.0,8.0,0.14285714285714285,0.0,44.0,0.0,0.0,0.0,0.0,0.0,0.0,0.0,0.0,3.0,0.0,0.0,0.0,0.0,39
2016-01-03,0.0,0.0,8.0,0.14285714285714285,0.0,44.857142857142854,0.0,0.0,0.0,0.0,0.0,0.0,0.0,0.0,3.0,0.0,0.0,0.0,0.0,40
2016-01-10,0.0,0.0,8.0,0.2857142857142857,0.14285714285714285,45.57142857142857,0.0,0.0,0.0,0.0,0.0,0.0,0.0,0.0,3.0,0.0,0.0,0.0,0.0,41
2016-01-17,0.0,0.0,8.0,0.2857142857142857,0.0,47.142857142857146,0.0,0.0,0.0,0.0,0.0,0.0,0.14285714285714285,0.0,3.5714285714285716,0.0,0.0,0.0,0.0,42
2016-01-24,0.0,0.0,8.0,0.42857142857142855,0.0,49.285714285714285,0.0,0.0,0.0,0.0,0.0,0.0,0.0,0.0,4.0,0.0,0.0,0.0,0.0,43
2016-01-31,0.0,0.0,8.0,0.0,0.0,51.0,0.0,0.0,0.0,0.0,0.0,0.0,0.14285714285714285,0.0,4.857142857142857,0.0,0.0,0.0,0.0,44
2016-02-07,0.0,0.0,8.0,0.14285714285714285,0.0,51.42857142857143,0.0,0.0,0.0,0.0,0.0,0.0,0.0,0.0,5.0,0.0,0.0,0.0,0.0,45
2016-02-14,0.0,0.0,8.0,0.0,0.0,52.0,0.0,0.0,0.0,0.0,0.0,0.0,0.0,0.0,5.0,0.0,0.0,0.0,0.0,46
2016-02-21,0.0,0.0,8.0,0.14285714285714285,0.0,52.57142857142857,0.0,0.0,0.0,0.0,0.0,0.0,0.0,0.0,5.0,0.0,0.0,0.0,0.0,47
2016-02-28,0.0,0.0,8.0,0.0,0.0,53.0,0.0,0.0,0.0,0.0,0.0,0.0,0.0,0.0,5.0,0.0,0.0,0.0,0.0,48
2016-03-06,0.0,0.0,8.0,0.14285714285714285,0.0,53.857142857142854,0.0,0.0,0.0,0.0,0.0,0.0,0.0,0.0,5.0,0.0,0.0,0.0,0.0,49
2016-03-13,0.0,0.0,8.0,0.0,0.0,54.0,0.0,0.0,0.0,0.0,0.0,0.0,0.0,0.0,5.0,0.0,0.0,0.0,0.0,50
2016-03-20,0.0,0.0,8.0,0.42857142857142855,0.0,56.57142857142857,0.0,0.0,0.0,0.0,0.0,0.0,0.0,0.0,5.0,0.0,0.0,0.0,0.0,51
2016-03-27,0.0,0.0,8.0,0.0,0.0,57.0,0.0,0.0,0.0,0.0,0.0,0.0,0.0,0.0,5.0,0.0,0.0,0.0,0.0,52
2016-04-03,0.0,0.0,8.0,0.0,0.0,57.0,0.0,0.0,0.0,0.0,0.0,0.0,0.0,0.0,5.0,0.0,0.0,0.0,0.0,53
2016-04-10,0.0,0.0,8.0,0.0,0.0,57.0,0.0,0.0,0.0,0.0,0.0,0.0,0.0,0.0,5.0,0.0,0.0,0.0,0.0,54
2016-04-17,0.0,0.0,8.0,0.0,0.0,57.0,0.0,0.0,0.0,0.0,0.0,0.0,0.0,0.0,5.0,0.0,0.0,0.0,0.0,55
2016-04-24,0.0,0.0,8.0,0.2857142857142857,0.0,58.714285714285715,0.0,0.0,0.0,0.0,0.0,0.0,0.0,0.0,5.0,0.0,0.0,0.0,0.0,56
2016-05-01,0.0,0.0,8.0,0.14285714285714285,0.0,59.57142857142857,0.0,0.0,0.0,0.0,0.0,0.0,0.14285714285714285,0.0,6.0,0.0,0.0,0.0,0.0,57
2016-05-08,0.0,0.0,8.0,0.14285714285714285,0.0,60.42857142857143,0.0,0.0,0.0,0.0,0.0,0.0,0.0,0.0,6.0,0.0,0.0,0.0,0.0,58
2016-05-15,0.0,0.0,8.0,0.14285714285714285,0.0,61.857142857142854,0.0,0.0,0.0,0.0,0.0,0.0,0.0,0.0,6.0,0.0,0.0,0.0,0.0,59
2016-05-22,0.0,0.0,8.0,0.42857142857142855,0.0,63.857142857142854,0.0,0.0,0.0,0.0,0.0,0.0,0.0,0.0,6.0,0.0,0.0,0.0,0.0,60
2016-05-29,0.0,0.0,8.0,0.14285714285714285,0.0,65.85714285714286,0.0,0.0,0.0,0.0,0.0,0.0,0.0,0.0,6.0,0.0,0.0,0.0,0.0,61
2016-06-05,0.0,0.0,8.0,0.0,0.0,66.0,0.0,0.0,0.0,0.0,0.0,0.0,0.0,0.0,6.0,0.0,0.0,0.0,0.0,62
2016-06-12,0.0,0.0,8.0,0.0,0.0,66.0,0.0,0.0,0.0,0.0,0.0,0.0,0.0,0.0,6.0,0.0,0.0,0.0,0.0,63
2016-06-19,0.0,0.0,8.0,0.14285714285714285,0.0,66.71428571428571,0.0,0.0,0.0,0.0,0.0,0.0,0.0,0.0,6.0,0.0,0.0,0.0,0.0,64
2016-06-26,0.0,0.0,8.0,0.2857142857142857,0.0,67.85714285714286,0.0,0.0,0.0,0.0,0.0,0.0,0.0,0.0,6.0,0.0,0.0,0.0,0.0,65
2016-07-03,0.0,0.0,8.0,0.0,0.0,69.0,0.0,0.0,0.0,0.0,0.0,0.0,0.0,0.0,6.0,0.0,0.0,0.0,0.0,66
2016-07-10,0.0,0.0,8.0,0.0,0.0,69.0,0.0,0.0,0.0,0.0,0.0,0.0,0.0,0.0,6.0,0.0,0.0,0.0,0.0,67
2016-07-17,0.0,0.0,8.0,0.42857142857142855,0.0,71.42857142857143,0.0,0.0,0.0,0.0,0.0,0.0,0.14285714285714285,0.0,6.571428571428571,0.0,0.0,0.0,0.0,68
2016-07-24,0.0,0.0,8.0,0.2857142857142857,0.0,72.85714285714286,0.0,0.0,0.0,0.0,0.0,0.0,0.0,0.0,7.0,0.0,0.0,0.0,0.0,69
2016-07-31,0.0,0.0,8.0,0.2857142857142857,0.0,75.14285714285714,0.0,0.0,0.0,0.0,0.0,0.0,0.0,0.0,7.0,0.0,0.0,0.0,0.0,70
2016-08-07,0.0,0.0,8.0,0.14285714285714285,0.0,76.57142857142857,0.0,0.0,0.0,0.0,0.0,0.0,0.0,0.0,7.0,0.0,0.0,0.0,0.0,71
2016-08-14,0.0,0.0,8.0,0.0,0.0,77.0,0.0,0.0,0.0,0.0,0.0,0.0,0.0,0.0,7.0,0.0,0.0,0.0,0.0,72
2016-08-21,0.0,0.0,8.0,0.14285714285714285,0.0,77.57142857142857,0.0,0.0,0.0,0.0,0.0,0.0,0.0,0.0,7.0,0.0,0.0,0.0,0.0,73
2016-08-28,0.0,0.0,8.0,0.14285714285714285,0.0,78.42857142857143,0.0,0.0,0.0,0.0,0.0,0.0,0.14285714285714285,0.0,7.428571428571429,0.0,0.0,0.0,0.0,74
2016-09-04,0.0,0.0,8.0,0.0,0.0,79.0,0.0,0.0,0.0,0.0,0.0,0.0,0.0,0.0,8.0,0.0,0.0,0.0,0.0,75
2016-09-11,0.14285714285714285,0.0,8.571428571428571,1.0,0.0,82.85714285714286,0.0,0.0,0.0,0.0,0.0,0.0,0.0,0.0,8.0,0.0,0.0,0.0,0.0,76
2016-09-18,0.0,0.0,9.0,0.0,0.0,86.0,0.0,0.0,0.0,0.0,0.0,0.0,0.0,0.0,8.0,0.0,0.0,0.0,0.0,77
2016-09-25,0.0,0.0,9.0,0.0,0.0,86.0,0.0,0.0,0.0,0.0,0.0,0.0,0.0,0.0,8.0,0.0,0.0,0.0,0.0,78
2016-10-02,0.0,0.0,9.0,0.2857142857142857,0.0,87.0,0.0,0.0,0.0,0.0,0.0,0.0,0.0,0.0,8.0,0.0,0.0,0.0,0.0,79
2016-10-09,0.0,0.2857142857142857,8.142857142857142,0.0,0.2857142857142857,86.28571428571429,0.0,0.0,0.0,0.0,0.0,0.0,0.0,0.0,8.0,0.0,0.0,0.0,0.0,80
2016-10-16,0.0,0.0,7.0,0.0,0.2857142857142857,85.0,0.0,0.0,0.0,0.0,0.0,0.0,0.0,0.0,8.0,0.0,0.0,0.0,0.0,81
2016-10-23,0.0,0.0,7.0,0.42857142857142855,0.2857142857142857,85.14285714285714,0.0,0.0,0.0,0.0,0.0,0.0,0.0,0.0,8.0,0.0,0.0,0.0,0.0,82
2016-10-30,0.0,0.0,7.0,0.14285714285714285,0.14285714285714285,85.42857142857143,0.0,0.0,0.0,0.0,0.0,0.0,0.0,0.0,8.0,0.0,0.0,0.0,0.0,83
2016-11-06,0.0,0.0,7.0,0.2857142857142857,0.2857142857142857,84.57142857142857,0.0,0.0,0.0,0.0,0.0,0.0,0.0,0.0,8.0,0.0,0.0,0.0,0.0,84
2016-11-13,0.2857142857142857,0.14285714285714285,7.571428571428571,0.5714285714285714,0.14285714285714285,86.28571428571429,0.0,0.0,0.0,0.0,0.0,0.0,0.0,0.0,8.0,0.0,0.0,0.0,0.0,85
2016-11-20,0.0,0.0,8.0,0.2857142857142857,0.14285714285714285,88.42857142857143,0.0,0.0,0.0,0.0,0.0,0.0,0.0,0.0,8.0,0.0,0.0,0.0,0.0,86
2016-11-27,0.0,0.0,8.0,0.0,0.0,89.0,0.0,0.0,0.0,0.0,0.0,0.0,0.0,0.0,8.0,0.0,0.0,0.0,0.0,87
2016-12-04,0.0,0.0,8.0,0.0,0.0,89.0,0.0,0.0,0.0,0.0,0.0,0.0,0.0,0.0,8.0,0.0,0.0,0.0,0.0,88
2016-12-11,0.0,0.14285714285714285,7.428571428571429,0.14285714285714285,0.14285714285714285,88.57142857142857,0.0,0.0,0.0,0.0,0.0,0.0,0.0,0.14285714285714285,7.428571428571429,0.0,0.0,0.0,0.0,89
2016-12-18,0.0,0.0,7.0,0.2857142857142857,0.14285714285714285,90.28571428571429,0.0,0.0,0.0,0.0,0.0,0.0,0.0,0.0,7.0,0.0,0.0,0.0,0.0,90
2016-12-25,0.14285714285714285,0.14285714285714285,7.0,0.0,0.2857142857142857,88.0,0.0,0.0,0.0,0.0,0.0,0.0,0.0,0.0,7.0,0.0,0.0,0.0,0.0,91
2017-01-01,0.0,0.0,7.0,0.0,0.0,88.0,0.0,0.0,0.0,0.0,0.0,0.0,0.0,0.0,7.0,0.0,0.0,0.0,0.0,92
2017-01-08,0.0,0.0,7.0,0.0,0.42857142857142855,85.71428571428571,0.0,0.0,0.0,0.0,0.0,0.0,0.0,0.0,7.0,0.0,0.0,0.0,0.0,93
2017-01-15,0.0,0.0,7.0,0.2857142857142857,0.14285714285714285,85.42857142857143,0.0,0.0,0.0,0.0,0.0,0.0,0.14285714285714285,0.0,7.428571428571429,0.0,0.0,0.0,0.0,94
2017-01-22,0.0,0.0,7.0,0.14285714285714285,0.5714285714285714,84.28571428571429,0.0,0.0,0.0,0.0,0.0,0.0,0.0,0.0,8.0,0.0,0.0,0.0,0.0,95
2017-01-29,0.0,0.0,7.0,0.8571428571428571,0.2857142857142857,85.57142857142857,0.14285714285714285,0.0,0.42857142857142855,0.0,0.0,0.0,0.0,0.0,8.0,0.0,0.0,0.0,0.42857142857142855,96
2017-02-05,0.0,0.0,7.0,0.0,0.0,87.0,0.0,0.0,1.0,0.0,0.0,0.0,0.0,0.0,8.0,0.0,0.0,0.0,1.0,97
2017-02-12,0.14285714285714285,0.14285714285714285,6.857142857142857,0.0,0.14285714285714285,86.57142857142857,0.0,0.0,1.0,0.0,0.0,0.0,0.0,0.14285714285714285,7.571428571428571,0.0,0.0,0.0,1.0,98
2017-02-19,0.0,0.0,7.0,1.0,0.2857142857142857,88.71428571428571,0.0,0.0,1.0,0.0,0.0,0.0,0.0,0.0,7.0,0.0,0.0,0.0,1.0,99
2017-02-26,0.0,0.0,7.0,0.14285714285714285,0.2857142857142857,90.0,0.0,0.0,1.0,0.0,0.0,0.0,0.0,0.0,7.0,0.0,0.0,0.0,1.0,100
2017-03-05,0.0,0.0,7.0,0.14285714285714285,0.42857142857142855,88.42857142857143,0.0,0.0,1.0,0.0,0.0,0.0,0.0,0.0,7.0,0.0,0.0,0.0,1.0,101
2017-03-12,0.0,0.0,7.0,0.0,0.14285714285714285,87.57142857142857,0.0,0.0,1.0,0.0,0.0,0.0,0.0,0.0,7.0,0.0,0.0,0.0,1.0,102
2017-03-19,0.0,0.14285714285714285,6.0,0.42857142857142855,0.5714285714285714,86.71428571428571,0.0,0.0,1.0,0.0,0.0,0.0,0.0,0.0,7.0,0.0,0.0,0.0,1.0,103
2017-03-26,0.0,0.14285714285714285,5.428571428571429,0.14285714285714285,0.14285714285714285,85.57142857142857,0.0,0.0,1.0,0.0,0.0,0.0,0.0,0.0,7.0,0.0,0.0,0.0,1.0,104
2017-04-02,0.0,0.0,5.0,0.0,0.0,86.0,0.0,0.0,1.0,0.0,0.0,0.0,0.0,0.0,7.0,0.0,0.0,0.0,1.0,105
2017-04-09,0.0,0.0,5.0,0.2857142857142857,0.2857142857142857,85.42857142857143,0.0,0.0,1.0,0.0,0.0,0.0,0.0,0.14285714285714285,6.142857142857143,0.0,0.0,0.0,1.0,106
2017-04-16,0.0,0.0,5.0,0.0,0.0,86.0,0.0,0.0,1.0,0.0,0.0,0.0,0.0,0.0,6.0,0.0,0.0,0.0,1.0,107
2017-04-23,0.0,0.0,5.0,0.14285714285714285,0.14285714285714285,85.57142857142857,0.0,0.0,1.0,0.0,0.0,0.0,0.0,0.14285714285714285,5.0,0.0,0.0,0.0,1.0,108
2017-04-30,0.0,0.0,5.0,0.14285714285714285,0.14285714285714285,85.57142857142857,0.0,0.0,1.0,0.0,0.0,0.0,0.0,0.0,5.0,0.0,0.0,0.0,1.0,109
2017-05-07,0.14285714285714285,0.0,5.428571428571429,0.2857142857142857,0.0,86.85714285714286,0.0,0.0,1.0,0.0,0.0,0.0,0.0,0.0,5.0,0.0,0.0,0.0,1.0,110
2017-05-14,0.0,0.0,6.0,0.14285714285714285,0.42857142857142855,86.57142857142857,0.0,0.0,1.0,0.0,0.0,0.0,0.0,0.0,5.0,0.0,0.0,0.0,1.0,111
2017-05-21,0.0,0.0,6.0,0.0,0.0,86.0,0.0,0.0,1.0,0.0,0.0,0.0,0.0,0.0,5.0,0.0,0.0,0.0,1.0,112
2017-05-28,0.0,0.0,6.0,0.14285714285714285,0.14285714285714285,85.71428571428571,0.0,0.0,1.0,0.0,0.0,0.0,0.0,0.0,5.0,0.0,0.0,0.0,1.0,113
2017-06-04,0.0,0.0,6.0,0.14285714285714285,0.14285714285714285,85.85714285714286,0.0,0.0,1.0,0.0,0.0,0.0,0.0,0.0,5.0,0.0,0.0,0.0,1.0,114
2017-06-11,0.0,0.0,6.0,0.14285714285714285,0.14285714285714285,86.57142857142857,0.0,0.0,1.0,0.0,0.0,0.0,0.0,0.0,5.0,0.0,0.0,0.0,1.0,115
2017-06-18,0.0,0.0,6.0,0.0,0.42857142857142855,84.14285714285714,0.0,0.0,1.0,0.0,0.0,0.0,0.14285714285714285,0.0,6.0,0.0,0.0,0.0,1.0,116
2017-06-25,0.0,0.0,6.0,0.14285714285714285,0.2857142857142857,81.85714285714286,0.0,0.0,1.0,0.0,0.0,0.0,0.14285714285714285,0.0,7.0,0.0,0.0,0.0,1.0,117
2017-07-02,0.0,0.0,6.0,0.2857142857142857,0.0,83.42857142857143,0.0,0.0,1.0,0.0,0.0,0.0,0.0,0.0,7.0,0.0,0.0,0.0,1.0,118
2017-07-09,0.0,0.0,6.0,0.0,0.14285714285714285,83.57142857142857,0.0,0.0,1.0,0.0,0.0,0.0,0.0,0.0,7.0,0.0,0.0,0.0,1.0,119
2017-07-16,0.2857142857142857,0.0,7.428571428571429,0.7142857142857143,0.2857142857142857,85.42857142857143,0.0,0.0,1.0,0.0,0.0,0.0,0.0,0.14285714285714285,6.428571428571429,0.0,0.0,0.0,1.0,120
2017-07-23,0.0,0.0,8.0,0.2857142857142857,0.2857142857142857,86.14285714285714,0.0,0.0,1.0,0.0,0.0,0.0,0.0,0.0,6.0,0.0,0.0,0.0,1.0,121
2017-07-30,0.14285714285714285,0.14285714285714285,8.0,0.0,0.14285714285714285,85.42857142857143,0.0,0.0,1.0,0.0,0.0,0.0,0.0,0.0,6.0,0.0,0.0,0.0,1.0,122
2017-08-06,0.0,0.0,8.0,0.14285714285714285,0.0,85.42857142857143,0.0,0.0,1.0,0.0,0.0,0.0,0.0,0.0,6.0,0.0,0.0,0.0,1.0,123
2017-08-13,0.0,0.0,8.0,0.0,0.2857142857142857,84.57142857142857,0.0,0.0,1.0,0.0,0.0,0.0,0.0,0.0,6.0,0.0,0.0,0.0,1.0,124
2017-08-20,0.14285714285714285,0.0,9.0,1.0,0.14285714285714285,89.85714285714286,0.0,0.0,1.0,0.0,0.0,0.0,0.0,0.0,6.0,0.0,0.0,0.0,1.0,125
2017-08-27,0.0,0.0,9.0,0.42857142857142855,0.0,91.28571428571429,0.0,0.0,1.0,0.0,0.0,0.0,0.0,0.14285714285714285,5.571428571428571,0.0,0.0,0.0,1.0,126
2017-09-03,0.0,0.0,9.0,0.14285714285714285,0.14285714285714285,93.14285714285714,0.0,0.0,1.0,0.0,0.0,0.0,0.0,0.0,5.0,0.0,0.0,0.0,1.0,127
2017-09-10,0.0,0.0,9.0,0.14285714285714285,0.0,93.42857142857143,0.0,0.0,1.0,0.0,0.0,0.0,0.0,0.0,5.0,0.0,0.0,0.0,1.0,128
2017-09-17,0.0,0.0,9.0,0.0,0.2857142857142857,92.85714285714286,0.0,0.0,1.0,0.0,0.0,0.0,0.0,0.14285714285714285,4.142857142857143,0.0,0.0,0.0,1.0,129
2017-09-24,0.0,0.0,9.0,0.14285714285714285,0.14285714285714285,92.0,0.0,0.0,1.0,0.0,0.0,0.0,0.0,0.0,4.0,0.0,0.0,0.0,1.0,130
2017-10-01,0.0,0.14285714285714285,8.0,0.0,0.14285714285714285,91.42857142857143,0.0,0.0,1.0,0.0,0.0,0.0,0.0,0.0,4.0,0.0,0.0,0.0,1.0,131
2017-10-08,0.0,0.0,8.0,0.2857142857142857,0.0,91.85714285714286,0.0,0.0,1.0,0.0,0.0,0.0,0.0,0.0,4.0,0.0,0.0,0.0,1.0,132
2017-10-15,0.0,0.0,8.0,0.2857142857142857,0.0,94.42857142857143,0.0,0.0,1.0,0.0,0.0,0.0,0.0,0.0,4.0,0.0,0.0,0.0,1.0,133
2017-10-22,0.0,0.0,8.0,0.0,0.14285714285714285,94.57142857142857,0.0,0.0,1.0,0.0,0.0,0.0,0.14285714285714285,0.0,4.571428571428571,0.0,0.0,0.0,1.0,134
2017-10-29,0.0,0.0,8.0,0.42857142857142855,0.0,95.85714285714286,0.0,0.0,1.0,0.0,0.0,0.0,0.0,0.0,5.0,0.0,0.0,0.0,1.0,135
2017-11-05,0.0,0.0,8.0,0.2857142857142857,0.14285714285714285,97.28571428571429,0.0,0.0,1.0,0.0,0.0,0.0,0.0,0.0,5.0,0.0,0.0,0.0,1.0,136
2017-11-12,0.0,0.0,8.0,0.2857142857142857,0.2857142857142857,97.57142857142857,0.0,0.0,1.0,0.0,0.0,0.0,0.14285714285714285,0.14285714285714285,5.0,0.0,0.0,0.0,1.0,137
2017-11-19,0.0,0.14285714285714285,7.428571428571429,0.5714285714285714,1.4285714285714286,95.28571428571429,0.0,0.0,1.0,0.0,0.0,0.0,0.0,0.0,5.0,0.0,0.0,0.0,1.0,138
2017-11-26,0.0,0.0,7.0,0.0,0.0,92.0,0.0,0.0,1.0,0.0,0.0,0.0,0.0,0.0,5.0,0.0,0.0,0.0,1.0,139
2017-12-03,0.0,0.0,7.0,0.2857142857142857,0.14285714285714285,92.71428571428571,0.0,0.0,1.0,0.0,0.0,0.0,0.14285714285714285,0.0,5.428571428571429,0.0,0.0,0.0,1.0,140
2017-12-10,0.14285714285714285,0.0,7.857142857142857,0.42857142857142855,0.0,95.57142857142857,0.0,0.0,1.0,0.0,0.0,0.0,0.0,0.0,6.0,0.0,0.0,0.0,1.0,141
2017-12-17,0.0,0.0,8.0,0.0,0.2857142857142857,94.57142857142857,0.0,0.0,1.0,0.0,0.0,0.0,0.0,0.0,6.0,0.0,0.0,0.0,1.0,142
2017-12-24,0.0,0.0,8.0,0.2857142857142857,0.2857142857142857,93.71428571428571,0.0,0.0,1.0,0.0,0.0,0.0,0.0,0.0,6.0,0.0,0.0,0.0,1.0,143
2017-12-31,0.0,0.0,8.0,0.0,0.0,94.0,0.0,0.0,1.0,0.0,0.0,0.0,0.0,0.0,6.0,0.0,0.0,0.0,1.0,144
2018-01-07,0.0,0.0,8.0,0.42857142857142855,0.14285714285714285,95.14285714285714,0.0,0.0,1.0,0.0,0.0,0.0,0.0,0.0,6.0,0.0,0.0,0.0,1.0,145
2018-01-14,0.0,0.0,8.0,0.14285714285714285,0.2857142857142857,95.85714285714286,0.0,0.0,1.0,0.0,0.0,0.0,0.0,0.0,6.0,0.0,0.0,0.0,1.0,146
2018-01-21,0.0,0.0,8.0,0.14285714285714285,0.14285714285714285,95.28571428571429,0.0,0.0,1.0,0.0,0.0,0.0,0.0,0.0,6.0,0.0,0.0,0.0,1.0,147
2018-01-28,0.0,0.0,8.0,0.2857142857142857,0.14285714285714285,96.0,0.0,0.0,1.0,0.0,0.0,0.0,0.0,0.14285714285714285,5.0,0.0,0.0,0.0,1.0,148
2018-02-04,0.0,0.0,8.0,0.0,0.2857142857142857,94.28571428571429,0.0,0.0,1.0,0.0,0.0,0.0,0.14285714285714285,0.0,6.0,0.0,0.0,0.0,1.0,149
2018-02-11,0.0,0.0,8.0,0.0,0.0,94.0,0.0,0.0,1.0,0.0,0.0,0.0,0.0,0.0,6.0,0.0,0.0,0.0,1.0,150
2018-02-18,0.14285714285714285,0.0,8.428571428571429,0.14285714285714285,0.2857142857142857,93.14285714285714,0.0,0.0,1.0,0.0,0.0,0.0,0.14285714285714285,0.0,6.428571428571429,0.0,0.0,0.0,1.0,151
2018-02-25,0.0,0.0,9.0,0.2857142857142857,0.0,94.71428571428571,0.0,0.0,1.0,0.0,0.0,0.0,0.0,0.0,7.0,0.0,0.0,0.0,1.0,152
2018-03-04,0.0,0.0,9.0,0.2857142857142857,0.0,97.0,0.0,0.0,1.0,0.0,0.0,0.0,0.0,0.0,7.0,0.0,0.0,0.0,1.0,153
2018-03-11,0.0,0.0,9.0,0.14285714285714285,0.14285714285714285,96.57142857142857,0.0,0.0,1.0,0.0,0.0,0.0,0.0,0.0,7.0,0.0,0.0,0.0,1.0,154
2018-03-18,0.0,0.0,9.0,0.14285714285714285,0.2857142857142857,96.14285714285714,0.0,0.14285714285714285,0.5714285714285714,0.0,0.0,0.0,0.0,0.0,7.0,0.0,0.0,0.0,0.5714285714285714,155
2018-03-25,0.0,0.0,9.0,0.2857142857142857,0.14285714285714285,96.85714285714286,0.0,0.0,0.0,0.0,0.0,0.0,0.0,0.0,7.0,0.0,0.0,0.0,0.0,156
2018-04-01,0.14285714285714285,0.0,10.0,0.2857142857142857,0.14285714285714285,98.0,0.0,0.0,0.0,0.0,0.0,0.0,0.0,0.0,7.0,0.0,0.0,0.0,0.0,157
2018-04-08,0.0,0.0,10.0,0.42857142857142855,0.14285714285714285,99.28571428571429,0.0,0.0,0.0,0.0,0.0,0.0,0.0,0.0,7.0,0.0,0.0,0.0,0.0,158
2018-04-15,0.0,0.0,10.0,0.2857142857142857,0.0,101.71428571428571,0.0,0.0,0.0,0.0,0.0,0.0,0.0,0.0,7.0,0.0,0.0,0.0,0.0,159
2018-04-22,0.0,0.0,10.0,0.42857142857142855,0.2857142857142857,101.85714285714286,0.0,0.0,0.0,0.0,0.0,0.0,0.0,0.0,7.0,0.0,0.0,0.0,0.0,160
2018-04-29,0.0,0.0,10.0,0.14285714285714285,0.0,103.85714285714286,0.0,0.0,0.0,0.0,0.0,0.0,0.0,0.0,7.0,0.0,0.0,0.0,0.0,161
2018-05-06,0.0,0.0,10.0,0.14285714285714285,0.2857142857142857,103.42857142857143,0.0,0.0,0.0,0.0,0.0,0.0,0.14285714285714285,0.0,7.428571428571429,0.0,0.0,0.0,0.0,162
2018-05-13,0.0,0.0,10.0,0.14285714285714285,0.14285714285714285,102.85714285714286,0.0,0.0,0.0,0.14285714285714285,0.0,0.8571428571428571,0.0,0.0,8.0,0.0,0.0,0.0,0.8571428571428571,163
2018-05-20,0.14285714285714285,0.0,10.571428571428571,0.2857142857142857,0.14285714285714285,103.85714285714286,0.0,0.0,0.0,0.0,0.0,1.0,0.0,0.0,8.0,0.0,0.0,0.0,1.0,164
2018-05-27,0.0,0.0,11.0,0.5714285714285714,0.42857142857142855,105.0,0.0,0.0,0.0,0.0,0.0,1.0,0.0,0.0,8.0,0.0,0.0,0.0,1.0,165
2018-06-03,0.0,0.0,11.0,0.0,0.0,105.0,0.0,0.0,0.0,0.0,0.0,1.0,0.0,0.0,8.0,0.0,0.0,0.0,1.0,166
2018-06-10,0.0,0.0,11.0,0.42857142857142855,0.14285714285714285,106.14285714285714,0.0,0.0,0.0,0.0,0.0,1.0,0.2857142857142857,0.0,9.285714285714286,0.0,0.0,0.0,1.0,167
2018-06-17,0.0,0.0,11.0,0.0,0.0,107.0,0.0,0.0,0.0,0.0,0.0,1.0,0.0,0.0,10.0,0.0,0.0,0.0,1.0,168
2018-06-24,0.0,0.0,11.0,0.14285714285714285,0.2857142857142857,106.42857142857143,0.0,0.0,0.0,0.0,0.0,1.0,0.14285714285714285,0.0,10.857142857142858,0.0,0.0,0.0,1.0,169
2018-07-01,0.0,0.14285714285714285,10.142857142857142,0.14285714285714285,0.2857142857142857,105.0,0.0,0.0,0.0,0.0,0.0,1.0,0.0,0.0,11.0,0.0,0.0,0.0,1.0,170
2018-07-08,0.0,0.0,10.0,0.0,0.0,105.0,0.0,0.0,0.0,0.0,0.0,1.0,0.0,0.0,11.0,0.0,0.0,0.0,1.0,171
2018-07-15,0.0,0.0,10.0,0.14285714285714285,0.14285714285714285,104.57142857142857,0.0,0.0,0.0,0.0,0.0,1.0,0.0,0.0,11.0,0.0,0.0,0.0,1.0,172
2018-07-22,0.0,0.0,10.0,0.42857142857142855,0.42857142857142855,104.42857142857143,0.0,0.0,0.0,0.0,0.0,1.0,0.0,0.0,11.0,0.0,0.0,0.0,1.0,173
2018-07-29,0.0,0.0,10.0,0.14285714285714285,0.0,105.71428571428571,0.0,0.0,0.0,0.0,0.0,1.0,0.0,0.0,11.0,0.0,0.0,0.0,1.0,174
2018-08-05,0.0,0.0,10.0,0.2857142857142857,0.0,107.85714285714286,0.0,0.0,0.0,0.0,0.0,1.0,0.0,0.0,11.0,0.0,0.0,0.0,1.0,175
2018-08-12,0.0,0.0,10.0,0.42857142857142855,0.14285714285714285,109.0,0.0,0.0,0.0,0.0,0.0,1.0,0.0,0.0,11.0,0.0,0.0,0.0,1.0,176
2018-08-19,0.0,0.0,10.0,0.2857142857142857,0.5714285714285714,109.14285714285714,0.0,0.0,0.0,0.0,0.0,1.0,0.0,0.0,11.0,0.0,0.0,0.0,1.0,177
2018-08-26,0.0,0.0,10.0,0.0,0.2857142857142857,106.42857142857143,0.0,0.0,0.0,0.0,0.0,1.0,0.0,0.14285714285714285,10.142857142857142,0.0,0.0,0.0,1.0,178
2018-09-02,0.14285714285714285,0.0,10.428571428571429,0.2857142857142857,0.0,107.57142857142857,0.0,0.0,0.0,0.0,0.0,1.0,0.0,0.0,10.0,0.14285714285714285,0.0,0.8571428571428571,1.8571428571428572,179
2018-09-09,0.0,0.14285714285714285,10.428571428571429,0.2857142857142857,0.2857142857142857,107.85714285714286,0.0,0.0,0.0,0.0,0.0,1.0,0.0,0.0,10.0,0.0,0.0,1.0,2.0,180
2018-09-16,0.0,0.0,10.0,0.14285714285714285,0.14285714285714285,108.42857142857143,0.0,0.0,0.0,0.0,0.0,1.0,0.0,0.0,10.0,0.0,0.0,1.0,2.0,181
2018-09-23,0.0,0.0,10.0,0.0,0.42857142857142855,105.0,0.0,0.0,0.0,0.0,0.0,1.0,0.0,0.0,10.0,0.0,0.0,1.0,2.0,182
2018-09-30,0.0,0.2857142857142857,8.285714285714286,0.0,0.0,105.0,0.0,0.0,0.0,0.0,0.0,1.0,0.0,0.0,10.0,0.0,0.0,1.0,2.0,183
2018-10-07,0.0,0.5714285714285714,4.571428571428571,0.2857142857142857,3.7142857142857144,84.28571428571429,0.0,0.0,0.0,0.0,0.0,1.0,0.0,0.0,10.0,0.0,0.0,1.0,2.0,184
2018-10-14,0.0,0.0,4.0,0.2857142857142857,0.14285714285714285,81.42857142857143,0.0,0.0,0.0,0.0,0.0,1.0,0.14285714285714285,0.0,10.428571428571429,0.0,0.0,1.0,2.0,185
2018-10-21,0.0,0.14285714285714285,3.2857142857142856,0.0,0.0,82.0,0.0,0.0,0.0,0.0,0.0,1.0,0.0,0.0,11.0,0.14285714285714285,0.0,1.8571428571428572,2.857142857142857,186
2018-10-28,0.0,0.0,3.0,0.5714285714285714,0.0,84.85714285714286,0.0,0.0,0.0,0.0,0.0,1.0,0.14285714285714285,0.0,11.428571428571429,0.0,0.0,2.0,3.0,187
2018-11-04,0.0,0.14285714285714285,2.5714285714285716,0.2857142857142857,0.0,87.28571428571429,0.0,0.0,0.0,0.14285714285714285,0.0,1.8571428571428572,0.0,0.0,12.0,0.0,0.0,2.0,3.857142857142857,188
2018-11-11,0.0,0.0,2.0,0.14285714285714285,0.42857142857142855,87.85714285714286,0.0,0.0,0.0,0.0,0.0,2.0,0.0,0.0,12.0,0.0,0.0,2.0,4.0,189
2018-11-18,0.0,0.0,2.0,0.7142857142857143,1.0,85.0,0.0,0.0,0.0,0.0,0.0,2.0,0.0,0.0,12.0,0.0,0.0,2.0,4.0,190
2018-11-25,0.0,0.0,2.0,0.14285714285714285,0.0,85.0,0.0,0.0,0.0,0.0,0.0,2.0,0.0,0.0,12.0,0.0,0.0,2.0,4.0,191
2018-12-02,0.0,0.0,2.0,0.2857142857142857,0.2857142857142857,85.0,0.0,0.0,0.0,0.0,0.0,2.0,0.0,0.0,12.0,0.0,0.0,2.0,4.0,192
2018-12-09,0.0,0.0,2.0,0.42857142857142855,0.14285714285714285,86.85714285714286,0.0,0.0,0.0,0.0,0.0,2.0,0.2857142857142857,0.0,12.857142857142858,0.0,0.0,2.0,4.0,193
2018-12-16,0.0,0.0,2.0,0.2857142857142857,0.14285714285714285,87.14285714285714,0.0,0.0,0.0,0.0,0.0,2.0,0.0,0.0,14.0,0.0,0.0,2.0,4.0,194
2018-12-23,0.0,0.0,2.0,0.0,0.14285714285714285,87.28571428571429,0.0,0.0,0.0,0.0,0.0,2.0,0.0,0.0,14.0,0.0,0.0,2.0,4.0,195
2018-12-30,0.0,0.0,2.0,0.0,0.0,87.0,0.0,0.0,0.0,0.0,0.0,2.0,0.0,0.0,14.0,0.0,0.0,2.0,4.0,196
2019-01-06,0.0,0.0,2.0,0.2857142857142857,0.2857142857142857,87.0,0.0,0.0,0.0,0.0,0.0,2.0,0.0,0.0,14.0,0.0,0.0,2.0,4.0,197
2019-01-13,0.14285714285714285,0.0,2.857142857142857,0.2857142857142857,0.0,87.85714285714286,0.0,0.0,0.0,0.0,0.0,2.0,0.0,0.0,14.0,0.0,0.0,2.0,4.0,198
2019-01-20,0.0,0.0,3.0,0.14285714285714285,0.0,89.42857142857143,0.0,0.0,0.0,0.0,0.0,2.0,0.0,0.0,14.0,0.0,0.0,2.0,4.0,199
2019-01-27,0.0,0.0,3.0,0.14285714285714285,0.2857142857142857,89.57142857142857,0.0,0.0,0.0,0.0,0.0,2.0,0.0,0.0,14.0,0.0,0.0,2.0,4.0,200
2019-02-03,0.0,0.0,3.0,0.14285714285714285,0.14285714285714285,89.42857142857143,0.0,0.0,0.0,0.0,0.0,2.0,0.0,0.0,14.0,0.0,0.0,2.0,4.0,201
2019-02-10,0.14285714285714285,0.0,3.7142857142857144,0.14285714285714285,0.0,89.85714285714286,0.0,0.0,0.0,0.0,0.0,2.0,0.0,0.0,14.0,0.0,0.0,2.0,4.0,202
2019-02-17,0.0,0.0,4.0,0.14285714285714285,0.14285714285714285,90.0,0.0,0.0,0.0,0.0,0.0,2.0,0.0,0.0,14.0,0.0,0.0,2.0,4.0,203
2019-02-24,0.14285714285714285,0.0,4.857142857142857,0.0,0.0,90.0,0.0,0.0,0.0,0.0,0.0,2.0,0.0,0.14285714285714285,13.571428571428571,0.0,0.0,2.0,4.0,204
2019-03-03,0.0,0.0,5.0,0.42857142857142855,0.2857142857142857,91.28571428571429,0.0,0.0,0.0,0.0,0.0,2.0,0.0,0.0,13.0,0.0,0.0,2.0,4.0,205
2019-03-10,0.2857142857142857,0.0,6.0,0.14285714285714285,0.14285714285714285,91.0,0.0,0.0,0.0,0.0,0.0,2.0,0.0,0.0,13.0,0.0,0.0,2.0,4.0,206
2019-03-17,0.14285714285714285,0.0,7.571428571428571,0.14285714285714285,0.14285714285714285,91.0,0.0,0.0,0.0,0.0,0.0,2.0,0.0,0.14285714285714285,12.0,0.0,0.0,2.0,4.0,207
2019-03-24,0.0,0.0,8.0,0.14285714285714285,0.14285714285714285,91.14285714285714,0.0,0.0,0.0,0.0,0.0,2.0,0.0,0.0,12.0,0.0,0.0,2.0,4.0,208
2019-03-31,0.0,0.0,8.0,0.0,0.0,91.0,0.0,0.0,0.0,0.0,0.0,2.0,0.0,0.0,12.0,0.0,0.0,2.0,4.0,209
2019-04-07,0.0,0.0,8.0,0.14285714285714285,0.14285714285714285,91.28571428571429,0.0,0.0,0.0,0.0,0.0,2.0,0.0,0.0,12.0,0.0,0.0,2.0,4.0,210
2019-04-14,0.0,0.0,8.0,0.0,0.42857142857142855,89.28571428571429,0.0,0.0,0.0,0.0,0.0,2.0,0.0,0.14285714285714285,11.428571428571429,0.0,0.0,2.0,4.0,211
2019-04-21,0.0,0.0,8.0,0.14285714285714285,0.14285714285714285,88.0,0.0,0.0,0.0,0.0,0.0,2.0,0.0,0.0,11.0,0.0,0.0,2.0,4.0,212
2019-04-28,0.14285714285714285,0.0,8.714285714285714,0.2857142857142857,0.14285714285714285,88.57142857142857,0.0,0.0,0.0,0.0,0.0,2.0,0.0,0.0,11.0,0.0,0.0,2.0,4.0,213
2019-05-05,0.0,0.14285714285714285,8.571428571428571,0.0,0.5714285714285714,86.71428571428571,0.0,0.0,0.0,0.0,0.0,2.0,0.0,0.14285714285714285,10.0,0.0,0.0,2.0,4.0,214
2019-05-12,0.0,0.0,8.0,0.0,1.0,81.0,0.0,0.0,0.0,0.0,0.14285714285714285,1.4285714285714286,0.0,0.5714285714285714,7.857142857142857,0.0,0.0,2.0,3.4285714285714284,215
2019-05-19,0.0,0.0,8.0,0.2857142857142857,0.0,79.71428571428571,0.0,0.0,0.0,0.0,0.0,1.0,0.0,0.0,6.0,0.0,0.0,2.0,3.0,216
2019-05-26,0.0,0.0,8.0,0.14285714285714285,0.14285714285714285,80.14285714285714,0.0,0.0,0.0,0.0,0.0,1.0,0.0,0.14285714285714285,5.571428571428571,0.0,0.0,2.0,3.0,217
2019-06-02,0.0,0.0,8.0,0.14285714285714285,0.0,80.42857142857143,0.0,0.0,0.0,0.0,0.0,1.0,0.0,0.0,5.0,0.0,0.0,2.0,3.0,218
2019-06-09,1.0,0.2857142857142857,13.0,11.142857142857142,0.0,159.0,0.0,0.0,0.0,0.0,0.0,1.0,0.7142857142857143,0.0,10.0,0.2857142857142857,0.0,4.0,5.0,219
2019-06-16,0.0,0.0,13.0,0.0,0.0,159.0,0.0,0.0,0.0,0.0,0.0,1.0,0.0,0.0,10.0,0.0,0.0,4.0,5.0,220
2019-06-23,0.0,0.0,13.0,0.14285714285714285,0.14285714285714285,158.85714285714286,0.0,0.0,0.0,0.0,0.0,1.0,0.14285714285714285,0.0,10.714285714285714,0.0,0.0,4.0,5.0,221
2019-06-30,0.0,0.0,13.0,0.14285714285714285,0.2857142857142857,158.42857142857142,0.0,0.0,0.0,0.0,0.0,1.0,0.0,0.0,11.0,0.0,0.0,4.0,5.0,222
2019-07-07,0.0,0.0,13.0,0.0,0.0,158.0,0.0,0.0,0.0,0.0,0.0,1.0,0.0,0.0,11.0,0.0,0.0,4.0,5.0,223
2019-07-14,0.0,0.0,13.0,0.0,0.14285714285714285,157.42857142857142,0.0,0.0,0.0,0.0,0.0,1.0,0.0,0.14285714285714285,10.428571428571429,0.0,0.0,4.0,5.0,224
2019-07-21,0.0,0.0,13.0,0.14285714285714285,0.2857142857142857,156.57142857142858,0.0,0.0,0.0,0.0,0.0,1.0,0.0,0.14285714285714285,9.571428571428571,0.0,0.0,4.0,5.0,225
2019-07-28,0.0,0.14285714285714285,12.285714285714286,0.2857142857142857,0.14285714285714285,157.14285714285714,0.0,0.0,0.0,0.0,0.0,1.0,0.0,0.0,9.0,0.0,0.14285714285714285,3.2857142857142856,4.285714285714286,226
2019-08-04,0.0,0.0,12.0,0.0,0.42857142857142855,155.14285714285714,0.0,0.0,0.0,0.0,0.0,1.0,0.0,0.0,9.0,0.0,0.0,3.0,4.0,227
2019-08-11,0.0,0.0,12.0,0.0,0.2857142857142857,152.42857142857142,0.0,0.0,0.0,0.0,0.0,1.0,0.0,0.14285714285714285,8.428571428571429,0.0,0.0,3.0,4.0,228
2019-08-18,0.0,0.0,12.0,0.0,0.2857142857142857,150.85714285714286,0.0,0.0,0.0,0.0,0.0,1.0,0.0,0.0,8.0,0.0,0.0,3.0,4.0,229
2019-08-25,0.14285714285714285,0.0,12.857142857142858,0.14285714285714285,0.2857142857142857,149.28571428571428,0.0,0.0,0.0,0.0,0.0,1.0,0.0,0.0,8.0,0.0,0.0,3.0,4.0,230
2019-09-01,0.0,0.0,13.0,0.0,0.0,149.0,0.0,0.0,0.0,0.0,0.0,1.0,0.14285714285714285,0.0,8.714285714285714,0.0,0.0,3.0,4.0,231
2019-09-08,0.0,0.0,13.0,0.0,0.14285714285714285,148.28571428571428,0.0,0.0,0.0,0.0,0.0,1.0,0.0,0.0,9.0,0.0,0.0,3.0,4.0,232
2019-09-15,0.14285714285714285,0.14285714285714285,12.857142857142858,1.4285714285714286,0.0,152.42857142857142,0.0,0.0,0.0,0.0,0.0,1.0,0.14285714285714285,0.0,9.428571428571429,0.0,0.0,3.0,4.0,233
2019-09-22,0.0,0.0,13.0,0.42857142857142855,0.14285714285714285,159.42857142857142,0.0,0.0,0.0,0.0,0.0,1.0,0.14285714285714285,0.0,10.428571428571429,0.0,0.0,3.0,4.0,234
2019-09-29,0.0,0.0,13.0,0.0,0.0,160.0,0.0,0.0,0.0,0.0,0.0,1.0,0.0,0.0,11.0,0.0,0.0,3.0,4.0,235
2019-10-06,0.0,0.0,13.0,0.2857142857142857,0.0,161.57142857142858,0.0,0.0,0.0,0.0,0.0,1.0,0.0,0.0,11.0,0.0,0.0,3.0,4.0,236
2019-10-13,0.0,0.0,13.0,0.2857142857142857,0.2857142857142857,162.0,0.0,0.0,0.0,0.0,0.0,1.0,0.0,0.0,11.0,0.0,0.0,3.0,4.0,237
2019-10-20,0.0,0.0,13.0,0.14285714285714285,0.0,162.57142857142858,0.0,0.0,0.0,0.0,0.0,1.0,0.0,0.14285714285714285,10.428571428571429,0.0,0.0,3.0,4.0,238
2019-10-27,0.0,0.0,13.0,0.42857142857142855,0.0,164.28571428571428,0.0,0.0,0.0,0.0,0.0,1.0,0.0,0.0,10.0,0.0,0.0,3.0,4.0,239
2019-11-03,0.0,0.0,13.0,0.14285714285714285,0.0,166.42857142857142,0.0,0.0,0.0,0.0,0.0,1.0,0.0,0.0,10.0,0.0,0.0,3.0,4.0,240
2019-11-10,0.14285714285714285,0.0,14.0,0.0,0.42857142857142855,164.85714285714286,0.0,0.0,0.0,0.0,0.0,1.0,0.14285714285714285,0.14285714285714285,9.857142857142858,0.0,0.0,3.0,4.0,241
2019-11-17,0.14285714285714285,0.0,14.428571428571429,0.14285714285714285,2.142857142857143,156.42857142857142,0.0,0.0,0.0,0.0,0.14285714285714285,0.42857142857142855,0.0,0.14285714285714285,9.428571428571429,0.0,0.0,3.0,3.4285714285714284,242
2019-11-24,0.0,0.0,15.0,0.14285714285714285,0.0,150.57142857142858,0.0,0.0,0.0,0.0,0.0,0.0,0.0,0.0,9.0,0.0,0.0,3.0,3.0,243
2019-12-01,0.0,0.0,15.0,0.14285714285714285,0.0,151.71428571428572,0.0,0.0,0.0,0.0,0.0,0.0,0.0,0.0,9.0,0.0,0.0,3.0,3.0,244
2019-12-08,0.0,0.14285714285714285,14.571428571428571,0.2857142857142857,0.2857142857142857,152.85714285714286,0.0,0.0,0.0,0.0,0.0,0.0,0.0,0.0,9.0,0.0,0.0,3.0,3.0,245
2019-12-15,0.0,0.14285714285714285,13.285714285714286,0.0,0.2857142857142857,150.57142857142858,0.0,0.0,0.0,0.0,0.0,0.0,0.14285714285714285,0.0,9.857142857142858,0.0,0.0,3.0,3.0,246
2019-12-22,0.0,0.0,13.0,0.14285714285714285,0.14285714285714285,149.57142857142858,0.0,0.0,0.0,0.0,0.0,0.0,0.0,0.0,10.0,0.0,0.0,3.0,3.0,247
2019-12-29,0.0,0.0,13.0,0.0,0.14285714285714285,149.0,0.0,0.0,0.0,0.0,0.0,0.0,0.0,0.0,10.0,0.0,0.0,3.0,3.0,248
2020-01-05,0.0,0.0,13.0,0.0,0.14285714285714285,148.57142857142858,0.0,0.0,0.0,0.0,0.0,0.0,0.0,0.0,10.0,0.0,0.0,3.0,3.0,249
2020-01-12,0.0,0.0,13.0,0.14285714285714285,0.5714285714285714,146.71428571428572,0.0,0.0,0.0,0.0,0.0,0.0,0.0,0.0,10.0,0.0,0.0,3.0,3.0,250
2020-01-19,0.0,0.0,13.0,0.14285714285714285,0.7142857142857143,142.71428571428572,0.0,0.0,0.0,0.0,0.0,0.0,0.0,0.0,10.0,0.0,0.0,3.0,3.0,251
2020-01-26,0.0,0.0,13.0,0.0,0.5714285714285714,138.85714285714286,0.0,0.0,0.0,0.0,0.0,0.0,0.0,0.0,10.0,0.0,0.0,3.0,3.0,252
2020-02-02,0.0,0.0,13.0,0.0,1.1428571428571428,131.85714285714286,0.0,0.0,0.0,0.0,0.0,0.0,0.0,0.14285714285714285,9.571428571428571,0.0,0.0,3.0,3.0,253
2020-02-09,0.0,0.14285714285714285,12.571428571428571,0.0,0.0,129.0,0.0,0.0,0.0,0.0,0.0,0.0,0.0,0.0,9.0,0.0,0.0,3.0,3.0,254
2020-02-16,0.0,0.0,12.0,0.0,0.0,129.0,0.0,0.0,0.0,0.0,0.0,0.0,0.0,0.14285714285714285,8.428571428571429,0.0,0.0,3.0,3.0,255
2020-02-23,0.0,0.0,12.0,0.14285714285714285,0.2857142857142857,127.85714285714286,0.0,0.0,0.0,0.0,0.0,0.0,0.0,0.0,8.0,0.0,0.0,3.0,3.0,256
2020-03-01,0.0,0.0,12.0,0.0,0.2857142857142857,126.85714285714286,0.0,0.0,0.0,0.0,0.0,0.0,0.0,0.0,8.0,0.0,0.0,3.0,3.0,257
2020-03-08,0.0,0.0,12.0,0.14285714285714285,0.2857142857142857,125.28571428571429,0.0,0.0,0.0,0.0,0.0,0.0,0.0,0.0,8.0,0.0,0.0,3.0,3.0,258
2020-03-15,0.0,0.0,12.0,0.42857142857142855,0.2857142857142857,125.14285714285714,0.0,0.0,0.0,0.0,0.0,0.0,0.0,0.0,8.0,0.0,0.0,3.0,3.0,259
2020-03-22,0.0,0.0,12.0,0.14285714285714285,0.2857142857142857,124.42857142857143,0.0,0.0,0.0,0.0,0.0,0.0,0.0,0.0,8.0,0.0,0.0,3.0,3.0,260
2020-03-29,0.0,0.0,12.0,0.0,0.14285714285714285,124.0,0.0,0.0,0.0,0.0,0.0,0.0,0.0,0.0,8.0,0.0,0.0,3.0,3.0,261
2020-04-05,0.0,0.0,12.0,0.0,0.2857142857142857,123.0,0.0,0.0,0.0,0.0,0.0,0.0,0.0,0.0,8.0,0.0,0.0,3.0,3.0,262
2020-04-12,0.0,0.0,12.0,0.0,0.0,122.0,0.0,0.0,0.0,0.0,0.0,0.0,0.0,0.0,8.0,0.0,0.0,3.0,3.0,263
2020-04-19,0.0,0.0,12.0,0.0,0.14285714285714285,121.57142857142857,0.0,0.0,0.0,0.0,0.0,0.0,0.0,0.0,8.0,0.0,0.0,3.0,3.0,264
2020-04-26,0.0,0.0,12.0,0.0,0.14285714285714285,120.42857142857143,0.0,0.0,0.0,0.0,0.0,0.0,0.0,0.0,8.0,0.0,0.0,3.0,3.0,265
2020-05-03,0.0,0.0,12.0,0.0,0.0,120.0,0.0,0.0,0.0,0.0,0.0,0.0,0.0,0.0,8.0,0.0,0.0,3.0,3.0,266
2020-05-10,0.0,0.0,12.0,0.0,0.0,120.0,0.0,0.0,0.0,0.0,0.0,0.0,0.0,0.0,8.0,0.0,0.0,3.0,3.0,267
2020-05-17,0.0,0.0,12.0,0.0,0.0,120.0,0.0,0.0,0.0,0.0,0.0,0.0,0.0,0.0,8.0,0.0,0.0,3.0,3.0,268
2020-05-24,0.0,0.0,12.0,0.0,0.0,120.0,0.0,0.0,0.0,0.0,0.0,0.0,0.0,0.0,8.0,0.0,0.0,3.0,3.0,269
2020-05-31,0.0,0.0,12.0,0.0,0.0,120.0,0.0,0.0,0.0,0.0,0.0,0.0,0.0,0.0,8.0,0.0,0.0,3.0,3.0,270
2020-06-07,0.0,0.0,12.0,0.0,0.0,120.0,0.0,0.0,0.0,0.0,0.0,0.0,0.0,0.0,8.0,0.0,0.0,3.0,3.0,271
2020-06-14,0.0,0.0,12.0,0.0,0.14285714285714285,119.0,0.0,0.0,0.0,0.0,0.0,0.0,0.0,0.0,8.0,0.0,0.0,3.0,3.0,272
2020-06-21,0.0,0.0,12.0,0.0,0.0,119.0,0.0,0.0,0.0,0.0,0.0,0.0,0.0,0.0,8.0,0.0,0.0,3.0,3.0,273
2020-06-28,0.0,0.0,12.0,0.0,0.0,119.0,0.0,0.0,0.0,0.0,0.0,0.0,0.0,0.0,8.0,0.0,0.0,3.0,3.0,274
2020-07-05,0.0,0.0,12.0,0.0,0.0,119.0,0.0,0.0,0.0,0.0,0.0,0.0,0.0,0.0,8.0,0.0,0.0,3.0,3.0,275
2020-07-12,0.0,0.0,12.0,0.0,0.14285714285714285,118.14285714285714,0.0,0.0,0.0,0.0,0.0,0.0,0.0,0.0,8.0,0.0,0.0,3.0,3.0,276
2020-07-19,0.0,0.14285714285714285,11.285714285714286,0.0,0.42857142857142855,116.14285714285714,0.0,0.0,0.0,0.0,0.0,0.0,0.0,0.0,8.0,0.0,0.0,3.0,3.0,277
2020-07-26,0.0,0.0,11.0,0.0,0.14285714285714285,114.14285714285714,0.0,0.0,0.0,0.0,0.0,0.0,0.0,0.0,8.0,0.0,0.0,3.0,3.0,278
2020-08-02,0.0,0.0,11.0,0.0,0.5714285714285714,112.14285714285714,0.0,0.0,0.0,0.0,0.0,0.0,0.0,0.14285714285714285,7.428571428571429,0.0,0.0,3.0,3.0,279
2020-08-09,0.0,0.0,11.0,0.0,0.42857142857142855,107.28571428571429,0.0,0.0,0.0,0.0,0.0,0.0,0.0,0.14285714285714285,6.571428571428571,0.0,0.14285714285714285,2.5714285714285716,2.5714285714285716,280
2020-08-16,0.0,0.0,11.0,0.0,0.14285714285714285,106.14285714285714,0.0,0.0,0.0,0.0,0.0,0.0,0.0,0.14285714285714285,5.285714285714286,0.0,0.0,2.0,2.0,281
2020-08-23,0.0,0.0,11.0,0.14285714285714285,0.5714285714285714,104.0,0.0,0.0,0.0,0.0,0.0,0.0,0.0,0.14285714285714285,4.571428571428571,0.0,0.0,2.0,2.0,282
2020-08-30,0.0,0.0,11.0,0.0,0.42857142857142855,100.85714285714286,0.0,0.0,0.0,0.0,0.0,0.0,0.0,0.0,4.0,0.0,0.0,2.0,2.0,283
2020-09-06,0.0,0.0,11.0,0.0,0.7142857142857143,96.42857142857143,0.0,0.0,0.0,0.0,0.0,0.0,0.0,0.14285714285714285,3.4285714285714284,0.0,0.14285714285714285,1.2857142857142858,1.2857142857142858,284
2020-09-13,0.0,0.0,11.0,0.0,1.0,91.57142857142857,0.0,0.0,0.0,0.0,0.0,0.0,0.0,0.0,3.0,0.0,0.0,1.0,1.0,285
2020-09-20,0.0,0.14285714285714285,10.142857142857142,0.0,0.0,88.0,0.0,0.0,0.0,0.0,0.0,0.0,0.0,0.0,3.0,0.0,0.0,1.0,1.0,286
2020-09-27,0.14285714285714285,0.0,10.428571428571429,1.7142857142857142,0.14285714285714285,92.14285714285714,0.0,0.0,0.0,0.0,0.0,0.0,0.0,0.0,3.0,0.0,0.0,1.0,1.0,287
2020-10-04,0.0,0.0,11.0,0.0,1.0,95.0,0.0,0.0,0.0,0.0,0.0,0.0,0.0,0.0,3.0,0.0,0.0,1.0,1.0,288
2020-10-11,0.0,0.0,11.0,0.0,0.5714285714285714,89.42857142857143,0.0,0.0,0.0,0.0,0.0,0.0,0.0,0.0,3.0,0.0,0.0,1.0,1.0,289
2020-10-18,0.0,0.0,11.0,0.0,0.0,88.0,0.0,0.0,0.0,0.0,0.0,0.0,0.0,0.14285714285714285,2.2857142857142856,0.0,0.0,1.0,1.0,290
2020-10-25,0.14285714285714285,0.2857142857142857,10.142857142857142,0.14285714285714285,0.42857142857142855,86.14285714285714,0.0,0.0,0.0,0.0,0.0,0.0,0.0,0.0,2.0,0.0,0.0,1.0,1.0,291
2020-11-01,0.0,0.14285714285714285,9.428571428571429,0.0,0.14285714285714285,85.57142857142857,0.0,0.0,0.0,0.0,0.0,0.0,0.0,0.0,2.0,0.0,0.0,1.0,1.0,292
2020-11-08,0.0,0.0,9.0,0.0,0.14285714285714285,84.57142857142857,0.0,0.0,0.0,0.0,0.0,0.0,0.0,0.0,2.0,0.0,0.0,1.0,1.0,293
2020-11-15,0.0,0.14285714285714285,8.428571428571429,0.0,0.0,84.0,0.0,0.0,0.0,0.0,0.0,0.0,0.0,0.0,2.0,0.0,0.0,1.0,1.0,294
2020-11-22,0.0,0.0,8.0,0.14285714285714285,0.2857142857142857,83.57142857142857,0.0,0.0,0.0,0.0,0.0,0.0,0.0,0.0,2.0,0.0,0.0,1.0,1.0,295
2020-11-29,0.0,0.0,8.0,0.0,0.0,83.0,0.0,0.0,0.0,0.0,0.0,0.0,0.0,0.0,2.0,0.0,0.0,1.0,1.0,296
2020-12-06,0.0,0.2857142857142857,6.571428571428571,0.0,1.2857142857142858,76.85714285714286,0.0,0.0,0.0,0.0,0.0,0.0,0.0,0.0,2.0,0.0,0.0,1.0,1.0,297
2020-12-13,0.0,0.0,6.0,0.0,0.14285714285714285,73.14285714285714,0.0,0.0,0.0,0.0,0.0,0.0,0.0,0.0,2.0,0.0,0.0,1.0,1.0,298
2020-12-20,0.0,0.2857142857142857,4.285714285714286,0.0,0.14285714285714285,72.57142857142857,0.0,0.0,0.0,0.0,0.0,0.0,0.0,0.0,2.0,0.0,0.0,1.0,1.0,299
2020-12-27,0.0,0.0,4.0,0.0,0.0,72.0,0.0,0.0,0.0,0.0,0.0,0.0,0.0,0.14285714285714285,1.2857142857142858,0.0,0.0,1.0,1.0,300
2021-01-03,0.0,0.0,4.0,0.0,0.0,72.0,0.0,0.0,0.0,0.0,0.0,0.0,0.0,0.0,1.0,0.0,0.0,1.0,1.0,301
2021-01-10,0.0,0.0,4.0,0.0,0.5714285714285714,69.42857142857143,0.0,0.0,0.0,0.0,0.0,0.0,0.0,0.0,1.0,0.0,0.0,1.0,1.0,302
2021-01-17,0.0,0.0,4.0,0.0,0.5714285714285714,65.57142857142857,0.0,0.0,0.0,0.0,0.0,0.0,0.0,0.0,1.0,0.0,0.0,1.0,1.0,303
2021-01-24,0.0,0.0,4.0,0.0,0.2857142857142857,62.57142857142857,0.0,0.0,0.0,0.0,0.0,0.0,0.0,0.0,1.0,0.0,0.0,1.0,1.0,304
2021-01-31,0.0,0.0,4.0,0.14285714285714285,0.2857142857142857,61.0,0.0,0.0,0.0,0.0,0.0,0.0,0.0,0.0,1.0,0.0,0.14285714285714285,0.2857142857142857,0.2857142857142857,305
2021-02-07,0.0,0.0,4.0,0.0,0.2857142857142857,59.714285714285715,0.0,0.0,0.0,0.0,0.0,0.0,0.0,0.0,1.0,0.0,0.0,0.0,0.0,306
2021-02-14,0.0,0.0,4.0,0.0,0.2857142857142857,57.714285714285715,0.0,0.0,0.0,0.0,0.0,0.0,0.0,0.0,1.0,0.0,0.0,0.0,0.0,307
2021-02-21,0.0,0.0,4.0,0.0,0.2857142857142857,55.57142857142857,0.0,0.0,0.0,0.0,0.0,0.0,0.0,0.0,1.0,0.0,0.0,0.0,0.0,308
2021-02-28,0.0,0.0,4.0,0.0,0.2857142857142857,54.142857142857146,0.0,0.0,0.0,0.0,0.0,0.0,0.0,0.0,1.0,0.0,0.0,0.0,0.0,309
2021-03-07,0.0,0.14285714285714285,3.142857142857143,0.0,0.14285714285714285,52.142857142857146,0.0,0.0,0.0,0.0,0.0,0.0,0.0,0.0,1.0,0.0,0.0,0.0,0.0,310
2021-03-14,0.0,0.0,3.0,0.0,0.14285714285714285,51.42857142857143,0.0,0.0,0.0,0.0,0.0,0.0,0.0,0.0,1.0,0.0,0.0,0.0,0.0,311
2021-03-21,0.0,0.0,3.0,0.0,0.14285714285714285,50.285714285714285,0.0,0.0,0.0,0.0,0.0,0.0,0.0,0.0,1.0,0.0,0.0,0.0,0.0,312
2021-03-28,0.0,0.0,3.0,0.0,0.14285714285714285,49.285714285714285,0.0,0.0,0.0,0.0,0.0,0.0,0.0,0.0,1.0,0.0,0.0,0.0,0.0,313
2021-04-04,0.0,0.0,3.0,0.0,0.14285714285714285,48.285714285714285,0.0,0.0,0.0,0.0,0.0,0.0,0.0,0.0,1.0,0.0,0.0,0.0,0.0,314
2021-04-11,0.0,0.0,3.0,0.0,0.2857142857142857,47.0,0.0,0.0,0.0,0.0,0.0,0.0,0.0,0.0,1.0,0.0,0.0,0.0,0.0,315
2021-04-18,0.0,0.0,3.0,0.14285714285714285,0.2857142857142857,46.0,0.0,0.0,0.0,0.0,0.0,0.0,0.0,0.0,1.0,0.0,0.0,0.0,0.0,316
2021-04-25,0.0,0.0,3.0,0.0,0.14285714285714285,44.142857142857146,0.0,0.0,0.0,0.0,0.0,0.0,0.0,0.0,1.0,0.0,0.0,0.0,0.0,317
2021-05-02,0.0,0.0,3.0,0.0,0.0,44.0,0.0,0.0,0.0,0.0,0.0,0.0,0.0,0.0,1.0,0.0,0.0,0.0,0.0,318
2021-05-09,0.0,0.14285714285714285,2.0,0.0,0.0,44.0,0.0,0.0,0.0,0.0,0.0,0.0,0.0,0.0,1.0,0.0,0.0,0.0,0.0,319
2021-05-16,0.0,0.0,2.0,0.0,0.14285714285714285,43.42857142857143,0.0,0.0,0.0,0.0,0.0,0.0,0.0,0.0,1.0,0.0,0.0,0.0,0.0,320
2021-05-23,0.0,0.0,2.0,0.0,0.8571428571428571,39.57142857142857,0.0,0.0,0.0,0.0,0.0,0.0,0.0,0.14285714285714285,0.42857142857142855,0.0,0.0,0.0,0.0,321
2021-05-30,0.0,0.0,2.0,0.0,0.14285714285714285,36.57142857142857,0.0,0.0,0.0,0.0,0.0,0.0,0.0,0.0,0.0,0.0,0.0,0.0,0.0,322
2021-06-06,0.0,0.0,2.0,0.0,0.0,36.0,0.0,0.0,0.0,0.0,0.0,0.0,0.0,0.0,0.0,0.0,0.0,0.0,0.0,323
2021-06-13,0.0,0.0,2.0,0.0,0.14285714285714285,35.57142857142857,0.0,0.0,0.0,0.0,0.0,0.0,0.0,0.0,0.0,0.0,0.0,0.0,0.0,324
2021-06-20,0.0,0.0,2.0,0.0,0.0,35.0,0.0,0.0,0.0,0.0,0.0,0.0,0.0,0.0,0.0,0.0,0.0,0.0,0.0,325
2021-06-27,0.14285714285714285,0.0,2.5714285714285716,0.0,0.2857142857142857,33.714285714285715,0.0,0.0,0.0,0.0,0.0,0.0,0.0,0.0,0.0,0.0,0.0,0.0,0.0,326
2021-07-04,0.0,0.0,3.0,0.0,0.0,33.0,0.0,0.0,0.0,0.0,0.0,0.0,0.0,0.0,0.0,0.0,0.0,0.0,0.0,327
2021-07-11,0.0,0.0,3.0,0.0,0.2857142857142857,31.857142857142858,0.0,0.0,0.0,0.0,0.0,0.0,0.0,0.0,0.0,0.0,0.0,0.0,0.0,328
2021-07-18,0.0,0.0,3.0,0.0,0.14285714285714285,30.571428571428573,0.0,0.0,0.0,0.0,0.0,0.0,0.0,0.0,0.0,0.0,0.0,0.0,0.0,329
2021-07-25,0.0,0.0,3.0,0.0,0.14285714285714285,29.571428571428573,0.0,0.0,0.0,0.0,0.0,0.0,0.0,0.0,0.0,0.0,0.0,0.0,0.0,330
2021-08-01,0.0,0.0,3.0,0.0,0.0,29.0,0.0,0.0,0.0,0.0,0.0,0.0,0.0,0.0,0.0,0.0,0.0,0.0,0.0,331
2021-08-08,0.0,0.0,3.0,0.0,0.42857142857142855,27.142857142857142,0.0,0.0,0.0,0.0,0.0,0.0,0.0,0.0,0.0,0.0,0.0,0.0,0.0,332
2021-08-15,0.0,0.0,3.0,0.0,0.0,26.0,0.0,0.0,0.0,0.0,0.0,0.0,0.0,0.0,0.0,0.0,0.0,0.0,0.0,333
2021-08-22,0.0,0.0,3.0,0.0,0.14285714285714285,25.571428571428573,0.0,0.0,0.0,0.0,0.0,0.0,0.0,0.0,0.0,0.0,0.0,0.0,0.0,334
2021-08-29,0.0,0.0,3.0,0.0,0.0,25.0,0.0,0.0,0.0,0.0,0.0,0.0,0.0,0.0,0.0,0.0,0.0,0.0,0.0,335
2021-09-05,0.0,0.0,3.0,0.0,0.0,25.0,0.0,0.0,0.0,0.0,0.0,0.0,0.0,0.0,0.0,0.0,0.0,0.0,0.0,336
2021-09-12,0.0,0.0,3.0,0.0,0.14285714285714285,24.571428571428573,0.0,0.0,0.0,0.0,0.0,0.0,0.0,0.0,0.0,0.0,0.0,0.0,0.0,337
2021-09-19,0.0,0.0,3.0,0.0,0.42857142857142855,22.285714285714285,0.0,0.0,0.0,0.0,0.0,0.0,0.0,0.0,0.0,0.0,0.0,0.0,0.0,338
2021-09-26,0.0,0.0,3.0,0.0,0.0,21.0,0.0,0.0,0.0,0.0,0.0,0.0,0.0,0.0,0.0,0.0,0.0,0.0,0.0,339
2021-10-03,0.0,0.0,3.0,0.0,0.7142857142857143,17.714285714285715,0.0,0.0,0.0,0.0,0.0,0.0,0.0,0.0,0.0,0.0,0.0,0.0,0.0,340
2021-10-10,0.0,0.0,3.0,0.0,0.0,16.0,0.0,0.0,0.0,0.0,0.0,0.0,0.0,0.0,0.0,0.0,0.0,0.0,0.0,341
2021-10-17,0.0,0.0,3.0,0.0,0.0,16.0,0.0,0.0,0.0,0.0,0.0,0.0,0.0,0.0,0.0,0.0,0.0,0.0,0.0,342
2021-10-24,0.0,0.0,3.0,0.0,0.2857142857142857,15.142857142857142,0.0,0.0,0.0,0.0,0.0,0.0,0.0,0.0,0.0,0.0,0.0,0.0,0.0,343
2021-10-31,0.0,0.14285714285714285,2.142857142857143,0.0,0.0,14.0,0.0,0.0,0.0,0.0,0.0,0.0,0.0,0.0,0.0,0.0,0.0,0.0,0.0,344
2021-11-07,0.0,0.14285714285714285,1.5714285714285714,0.0,0.14285714285714285,13.428571428571429,0.0,0.0,0.0,0.0,0.0,0.0,0.0,0.0,0.0,0.0,0.0,0.0,0.0,345
2021-11-14,0.0,0.0,1.0,0.0,0.0,13.0,0.0,0.0,0.0,0.0,0.0,0.0,0.0,0.0,0.0,0.0,0.0,0.0,0.0,346
2021-11-21,0.0,0.0,1.0,0.0,0.14285714285714285,12.428571428571429,0.0,0.0,0.0,0.0,0.0,0.0,0.0,0.0,0.0,0.0,0.0,0.0,0.0,347
2021-11-28,0.0,0.0,1.0,0.0,0.0,12.0,0.0,0.0,0.0,0.0,0.0,0.0,0.0,0.0,0.0,0.0,0.0,0.0,0.0,348
2021-12-05,0.0,0.0,1.0,0.0,0.2857142857142857,10.428571428571429,0.0,0.0,0.0,0.0,0.0,0.0,0.0,0.0,0.0,0.0,0.0,0.0,0.0,349
2021-12-12,0.0,0.0,1.0,0.0,0.8571428571428571,6.714285714285714,0.0,0.0,0.0,0.0,0.0,0.0,0.0,0.0,0.0,0.0,0.0,0.0,0.0,350
2021-12-19,0.0,0.0,1.0,0.0,0.0,4.0,0.0,0.0,0.0,0.0,0.0,0.0,0.0,0.0,0.0,0.0,0.0,0.0,0.0,351
2021-12-26,0.0,0.0,1.0,0.0,0.0,4.0,0.0,0.0,0.0,0.0,0.0,0.0,0.0,0.0,0.0,0.0,0.0,0.0,0.0,352
2022-01-02,0.0,0.0,1.0,0.0,0.0,4.0,0.0,0.0,0.0,0.0,0.0,0.0,0.0,0.0,0.0,0.0,0.0,0.0,0.0,353
