Date,Arrivals_40,Departures_40,Census_40,Arrivals_10,Departures_10,Census_10,Arrivals_50,Departures_50,Census_50,Arrivals_20,Departures_20,Census_20,Arrivals_250,Departures_250,Census_250,Arrivals_60,Departures_60,Census_60,Arrivals_30,Departures_30,Census_30,Arrivals_255,Departures_255,Census_255,OtherCensus,Day
2012-01-08,0.25,0.0,1.0,0.0,0.0,0.0,0.0,0.0,0.0,0.0,0.0,0.0,0.0,0.0,0.0,0.0,0.0,0.0,0.0,0.0,0.0,0.0,0.0,0.0,0.0,1
2012-01-15,0.0,0.0,1.0,0.0,0.0,0.0,0.0,0.0,0.0,0.0,0.0,0.0,0.0,0.0,0.0,0.0,0.0,0.0,0.0,0.0,0.0,0.0,0.0,0.0,0.0,2
2012-01-22,0.0,0.0,1.0,0.0,0.0,0.0,0.0,0.0,0.0,0.0,0.0,0.0,0.0,0.0,0.0,0.0,0.0,0.0,0.0,0.0,0.0,0.0,0.0,0.0,0.0,3
2012-01-29,0.0,0.0,1.0,0.0,0.0,0.0,0.0,0.0,0.0,0.0,0.0,0.0,0.0,0.0,0.0,0.0,0.0,0.0,0.0,0.0,0.0,0.0,0.0,0.0,0.0,4
2012-02-05,0.14285714285714285,0.0,1.4285714285714286,0.0,0.0,0.0,0.0,0.0,0.0,0.0,0.0,0.0,0.0,0.0,0.0,0.14285714285714285,0.0,0.7142857142857143,0.0,0.0,0.0,0.0,0.0,0.0,0.0,5
2012-02-12,0.0,0.0,2.0,0.0,0.0,0.0,0.0,0.0,0.0,0.0,0.0,0.0,0.0,0.0,0.0,0.0,0.0,1.0,0.0,0.0,0.0,0.0,0.0,0.0,0.0,6
2012-02-19,0.0,0.0,2.0,0.0,0.0,0.0,0.0,0.0,0.0,0.0,0.0,0.0,0.0,0.0,0.0,0.0,0.0,1.0,0.0,0.0,0.0,0.0,0.0,0.0,0.0,7
2012-02-26,0.0,0.0,2.0,0.0,0.0,0.0,0.0,0.0,0.0,0.0,0.0,0.0,0.0,0.0,0.0,0.14285714285714285,0.0,1.8571428571428572,0.0,0.0,0.0,0.0,0.0,0.0,0.0,8
2012-03-04,0.0,0.0,2.0,0.0,0.0,0.0,0.0,0.0,0.0,0.0,0.0,0.0,0.0,0.0,0.0,0.0,0.0,2.0,0.0,0.0,0.0,0.0,0.0,0.0,0.0,9
2012-03-11,0.0,0.0,2.0,0.0,0.0,0.0,0.0,0.0,0.0,0.0,0.0,0.0,0.0,0.0,0.0,0.14285714285714285,0.0,2.5714285714285716,0.0,0.0,0.0,0.0,0.0,0.0,0.0,10
2012-03-18,0.0,0.0,2.0,0.0,0.0,0.0,0.0,0.0,0.0,0.0,0.0,0.0,0.0,0.0,0.0,0.14285714285714285,0.0,4.0,0.0,0.0,0.0,0.0,0.0,0.0,0.0,11
2012-03-25,0.0,0.0,2.0,0.0,0.0,0.0,0.0,0.0,0.0,0.0,0.0,0.0,0.0,0.0,0.0,0.0,0.0,4.0,0.0,0.0,0.0,0.0,0.0,0.0,0.0,12
2012-04-01,0.14285714285714285,0.0,3.0,0.0,0.0,0.0,0.0,0.0,0.0,0.0,0.0,0.0,0.0,0.0,0.0,0.14285714285714285,0.0,4.428571428571429,0.0,0.0,0.0,0.0,0.0,0.0,0.0,13
2012-04-08,0.14285714285714285,0.0,3.857142857142857,0.0,0.0,0.0,0.0,0.0,0.0,0.0,0.0,0.0,0.0,0.0,0.0,0.14285714285714285,0.0,5.714285714285714,0.0,0.0,0.0,0.0,0.0,0.0,0.0,14
2012-04-15,0.0,0.0,4.0,0.0,0.0,0.0,0.0,0.0,0.0,0.0,0.0,0.0,0.0,0.0,0.0,0.14285714285714285,0.0,7.0,0.0,0.0,0.0,0.0,0.0,0.0,0.0,15
2012-04-22,0.0,0.0,4.0,0.0,0.0,0.0,0.0,0.0,0.0,0.0,0.0,0.0,0.0,0.0,0.0,0.2857142857142857,0.0,8.428571428571429,0.0,0.0,0.0,0.14285714285714285,0.0,1.0,1.0,16
2012-04-29,0.14285714285714285,0.0,4.714285714285714,0.0,0.0,0.0,0.0,0.0,0.0,0.0,0.0,0.0,0.0,0.0,0.0,0.7142857142857143,0.0,12.285714285714286,0.0,0.0,0.0,0.0,0.0,1.0,1.0,17
2012-05-06,0.0,0.0,5.0,0.14285714285714285,0.0,0.7142857142857143,0.0,0.0,0.0,0.0,0.0,0.0,0.0,0.0,0.0,0.42857142857142855,0.0,15.857142857142858,0.0,0.0,0.0,0.0,0.0,1.0,1.0,18
2012-05-13,0.14285714285714285,0.0,5.714285714285714,0.0,0.0,1.0,0.0,0.0,0.0,0.0,0.0,0.0,0.0,0.0,0.0,0.14285714285714285,0.0,17.285714285714285,0.0,0.0,0.0,0.0,0.0,1.0,1.0,19
2012-05-20,0.0,0.0,6.0,0.14285714285714285,0.0,1.4285714285714286,0.0,0.0,0.0,0.0,0.0,0.0,0.0,0.0,0.0,0.2857142857142857,0.0,19.714285714285715,0.0,0.0,0.0,0.0,0.0,1.0,1.0,20
2012-05-27,0.14285714285714285,0.0,6.857142857142857,0.0,0.0,2.0,0.0,0.0,0.0,0.0,0.0,0.0,0.0,0.0,0.0,0.42857142857142855,0.0,22.571428571428573,0.0,0.0,0.0,0.0,0.0,1.0,1.0,21
2012-06-03,0.0,0.0,7.0,0.0,0.0,2.0,0.0,0.0,0.0,0.0,0.0,0.0,0.0,0.0,0.0,0.0,0.0,23.0,0.0,0.0,0.0,0.0,0.0,1.0,1.0,22
2012-06-10,0.0,0.0,7.0,0.0,0.0,2.0,0.0,0.0,0.0,0.0,0.0,0.0,0.0,0.0,0.0,0.14285714285714285,0.0,23.571428571428573,0.0,0.0,0.0,0.0,0.0,1.0,1.0,23
2012-06-17,0.0,0.0,7.0,0.2857142857142857,0.0,3.0,0.0,0.0,0.0,0.0,0.0,0.0,0.0,0.0,0.0,0.2857142857142857,0.0,25.142857142857142,0.0,0.0,0.0,0.0,0.0,1.0,1.0,24
2012-06-24,0.0,0.0,7.0,0.0,0.0,4.0,0.0,0.0,0.0,0.0,0.0,0.0,0.0,0.0,0.0,0.14285714285714285,0.0,26.571428571428573,0.0,0.0,0.0,0.0,0.0,1.0,1.0,25
2012-07-01,0.0,0.0,7.0,0.0,0.0,4.0,0.0,0.0,0.0,0.0,0.0,0.0,0.0,0.0,0.0,0.0,0.14285714285714285,26.0,0.0,0.0,0.0,0.0,0.0,1.0,1.0,26
2012-07-08,0.0,0.0,7.0,0.14285714285714285,0.0,4.857142857142857,0.0,0.0,0.0,0.0,0.0,0.0,0.0,0.0,0.0,0.0,0.0,26.0,0.0,0.0,0.0,0.0,0.0,1.0,1.0,27
2012-07-15,0.0,0.0,7.0,0.0,0.0,5.0,0.0,0.0,0.0,0.0,0.0,0.0,0.0,0.0,0.0,0.0,0.14285714285714285,25.142857142857142,0.0,0.0,0.0,0.0,0.0,1.0,1.0,28
2012-07-22,0.0,0.0,7.0,0.0,0.0,5.0,0.0,0.0,0.0,0.0,0.0,0.0,0.0,0.0,0.0,0.0,0.0,25.0,0.0,0.0,0.0,0.0,0.0,1.0,1.0,29
2012-07-29,0.14285714285714285,0.14285714285714285,7.0,0.14285714285714285,0.0,5.571428571428571,0.0,0.0,0.0,0.0,0.0,0.0,0.0,0.0,0.0,0.7142857142857143,0.0,29.0,0.0,0.0,0.0,0.0,0.0,1.0,1.0,30
2012-08-05,0.0,0.0,7.0,0.0,0.0,6.0,0.0,0.0,0.0,0.0,0.0,0.0,0.0,0.0,0.0,0.0,0.0,30.0,0.0,0.0,0.0,0.14285714285714285,0.0,1.7142857142857142,1.7142857142857142,31
2012-08-12,0.14285714285714285,0.0,7.714285714285714,0.0,0.0,6.0,0.0,0.0,0.0,0.0,0.0,0.0,0.0,0.0,0.0,0.0,0.0,30.0,0.0,0.0,0.0,0.0,0.0,2.0,2.0,32
2012-08-19,0.0,0.0,8.0,0.0,0.0,6.0,0.0,0.0,0.0,0.0,0.0,0.0,0.0,0.0,0.0,0.0,0.0,30.0,0.0,0.0,0.0,0.0,0.0,2.0,2.0,33
2012-08-26,0.0,0.0,8.0,0.0,0.0,6.0,0.0,0.0,0.0,0.0,0.0,0.0,0.0,0.0,0.0,0.14285714285714285,0.0,30.285714285714285,0.0,0.0,0.0,0.0,0.0,2.0,2.0,34
2012-09-02,0.0,0.0,8.0,0.2857142857142857,0.0,7.285714285714286,0.0,0.0,0.0,0.0,0.0,0.0,0.0,0.0,0.0,0.0,0.0,31.0,0.14285714285714285,0.0,0.5714285714285714,0.0,0.14285714285714285,1.4285714285714286,2.0,35
2012-09-09,0.0,0.0,8.0,0.0,0.0,8.0,0.0,0.0,0.0,0.0,0.0,0.0,0.0,0.0,0.0,0.14285714285714285,0.0,31.714285714285715,0.0,0.0,1.0,0.0,0.0,1.0,2.0,36
2012-09-16,0.0,0.14285714285714285,7.0,0.0,0.0,8.0,0.0,0.0,0.0,0.0,0.0,0.0,0.0,0.0,0.0,0.14285714285714285,0.0,32.57142857142857,0.0,0.0,1.0,0.0,0.0,1.0,2.0,37
2012-09-23,0.0,0.0,7.0,0.0,0.0,8.0,0.0,0.0,0.0,0.0,0.0,0.0,0.0,0.0,0.0,0.14285714285714285,0.0,34.0,0.0,0.0,1.0,0.0,0.0,1.0,2.0,38
2012-09-30,0.0,0.0,7.0,0.14285714285714285,0.0,8.857142857142858,0.0,0.0,0.0,0.0,0.0,0.0,0.0,0.0,0.0,0.0,0.0,34.0,0.0,0.0,1.0,0.0,0.0,1.0,2.0,39
2012-10-07,0.0,0.0,7.0,0.0,0.0,9.0,0.0,0.0,0.0,0.0,0.0,0.0,0.0,0.0,0.0,0.14285714285714285,0.0,34.857142857142854,0.0,0.0,1.0,0.0,0.0,1.0,2.0,40
2012-10-14,0.0,0.0,7.0,0.0,0.0,9.0,0.0,0.0,0.0,0.0,0.0,0.0,0.0,0.0,0.0,0.0,0.0,35.0,0.0,0.0,1.0,0.0,0.0,1.0,2.0,41
2012-10-21,0.0,0.0,7.0,0.0,0.0,9.0,0.0,0.0,0.0,0.0,0.0,0.0,0.0,0.0,0.0,0.0,0.0,35.0,0.0,0.0,1.0,0.0,0.0,1.0,2.0,42
2012-10-28,0.0,0.0,7.0,0.0,0.0,9.0,0.0,0.0,0.0,0.0,0.0,0.0,0.0,0.0,0.0,0.0,0.0,35.0,0.0,0.0,1.0,0.0,0.0,1.0,2.0,43
2012-11-04,0.0,0.0,7.0,0.0,0.0,9.0,0.0,0.0,0.0,0.0,0.0,0.0,0.0,0.0,0.0,0.2857142857142857,0.14285714285714285,34.857142857142854,0.0,0.0,1.0,0.0,0.0,1.0,2.0,44
2012-11-11,0.0,0.0,7.0,0.0,0.0,9.0,0.0,0.0,0.0,0.0,0.0,0.0,0.0,0.0,0.0,0.0,0.0,36.0,0.0,0.0,1.0,0.0,0.0,1.0,2.0,45
2012-11-18,0.0,0.0,7.0,0.0,0.14285714285714285,8.571428571428571,0.0,0.0,0.0,0.0,0.0,0.0,0.0,0.0,0.0,0.0,0.0,36.0,0.0,0.0,1.0,0.0,0.0,1.0,2.0,46
2012-11-25,0.0,0.14285714285714285,6.0,0.0,0.0,8.0,0.0,0.0,0.0,0.0,0.0,0.0,0.0,0.0,0.0,0.14285714285714285,0.0,36.857142857142854,0.0,0.0,1.0,0.0,0.0,1.0,2.0,47
2012-12-02,0.0,0.0,6.0,0.14285714285714285,0.0,8.428571428571429,0.0,0.0,0.0,0.0,0.0,0.0,0.0,0.0,0.0,0.0,0.14285714285714285,36.0,0.0,0.0,1.0,0.0,0.0,1.0,2.0,48
2012-12-09,0.0,0.0,6.0,0.0,0.0,9.0,0.0,0.0,0.0,0.0,0.0,0.0,0.0,0.0,0.0,0.0,0.2857142857142857,34.42857142857143,0.0,0.0,1.0,0.0,0.0,1.0,2.0,49
2012-12-16,0.0,0.0,6.0,0.0,0.0,9.0,0.0,0.0,0.0,0.0,0.0,0.0,0.0,0.0,0.0,0.0,0.0,34.0,0.0,0.0,1.0,0.0,0.0,1.0,2.0,50
2012-12-23,0.0,0.0,6.0,0.0,0.0,9.0,0.0,0.0,0.0,0.0,0.0,0.0,0.0,0.0,0.0,0.0,0.0,34.0,0.0,0.0,1.0,0.0,0.0,1.0,2.0,51
2012-12-30,0.0,0.0,6.0,0.0,0.0,9.0,0.0,0.0,0.0,0.0,0.0,0.0,0.0,0.0,0.0,0.0,0.0,34.0,0.0,0.0,1.0,0.0,0.0,1.0,2.0,52
2013-01-06,0.0,0.0,6.0,0.0,0.0,9.0,0.0,0.0,0.0,0.0,0.0,0.0,0.0,0.0,0.0,0.0,0.0,34.0,0.0,0.0,1.0,0.0,0.0,1.0,2.0,53
2013-01-13,0.0,0.0,6.0,0.0,0.0,9.0,0.0,0.0,0.0,0.0,0.0,0.0,0.0,0.0,0.0,0.0,0.0,34.0,0.0,0.0,1.0,0.0,0.0,1.0,2.0,54
2013-01-20,0.0,0.14285714285714285,5.142857142857143,0.0,0.0,9.0,0.0,0.0,0.0,0.0,0.0,0.0,0.0,0.0,0.0,0.0,0.0,34.0,0.0,0.0,1.0,0.0,0.0,1.0,2.0,55
2013-01-27,0.0,0.0,5.0,0.14285714285714285,0.0,9.571428571428571,0.0,0.0,0.0,0.0,0.0,0.0,0.0,0.0,0.0,0.14285714285714285,0.0,34.57142857142857,0.0,0.0,1.0,0.0,0.0,1.0,2.0,56
2013-02-03,0.0,0.0,5.0,0.14285714285714285,0.0,10.571428571428571,0.0,0.0,0.0,0.0,0.0,0.0,0.0,0.0,0.0,0.14285714285714285,0.42857142857142855,34.57142857142857,0.0,0.0,1.0,0.0,0.0,1.0,2.0,57
2013-02-10,0.0,0.14285714285714285,4.571428571428571,0.0,0.0,11.0,0.0,0.0,0.0,0.0,0.0,0.0,0.0,0.0,0.0,0.14285714285714285,0.0,33.57142857142857,0.0,0.0,1.0,0.0,0.0,1.0,2.0,58
2013-02-17,0.0,0.14285714285714285,3.5714285714285716,0.0,0.14285714285714285,10.571428571428571,0.0,0.0,0.0,0.0,0.0,0.0,0.0,0.0,0.0,0.0,0.2857142857142857,32.285714285714285,0.0,0.0,1.0,0.0,0.0,1.0,2.0,59
2013-02-24,0.0,0.0,3.0,0.0,0.0,10.0,0.0,0.0,0.0,0.0,0.0,0.0,0.0,0.0,0.0,0.2857142857142857,0.14285714285714285,32.714285714285715,0.0,0.0,1.0,0.0,0.0,1.0,2.0,60
2013-03-03,0.14285714285714285,0.0,3.857142857142857,0.0,0.0,10.0,0.0,0.0,0.0,0.0,0.0,0.0,0.0,0.0,0.0,0.14285714285714285,0.0,33.42857142857143,0.0,0.0,1.0,0.0,0.0,1.0,2.0,61
2013-03-10,0.0,0.0,4.0,0.0,0.14285714285714285,9.571428571428571,0.0,0.0,0.0,0.0,0.0,0.0,0.0,0.0,0.0,0.14285714285714285,0.0,34.714285714285715,0.0,0.0,1.0,0.0,0.0,1.0,2.0,62
2013-03-17,0.0,0.0,4.0,0.2857142857142857,0.0,10.714285714285714,0.0,0.0,0.0,0.0,0.0,0.0,0.0,0.0,0.0,0.0,0.14285714285714285,34.57142857142857,0.0,0.0,1.0,0.0,0.0,1.0,2.0,63
2013-03-24,0.0,0.0,4.0,0.0,0.0,11.0,0.0,0.0,0.0,0.0,0.0,0.0,0.0,0.0,0.0,0.14285714285714285,0.0,34.57142857142857,0.0,0.0,1.0,0.0,0.0,1.0,2.0,64
2013-03-31,0.0,0.0,4.0,0.0,0.0,11.0,0.0,0.0,0.0,0.0,0.0,0.0,0.0,0.0,0.0,0.14285714285714285,0.14285714285714285,35.142857142857146,0.0,0.0,1.0,0.0,0.0,1.0,2.0,65
2013-04-07,0.0,0.0,4.0,0.0,0.0,11.0,0.0,0.0,0.0,0.0,0.0,0.0,0.0,0.0,0.0,0.7142857142857143,0.0,38.857142857142854,0.0,0.0,1.0,0.0,0.0,1.0,2.0,66
2013-04-14,0.14285714285714285,0.0,4.857142857142857,0.0,0.0,11.0,0.0,0.0,0.0,0.0,0.0,0.0,0.0,0.0,0.0,0.14285714285714285,0.0,40.42857142857143,0.0,0.0,1.0,0.0,0.0,1.0,2.0,67
2013-04-21,0.0,0.0,5.0,0.14285714285714285,0.0,11.428571428571429,0.0,0.0,0.0,0.0,0.0,0.0,0.0,0.0,0.0,0.2857142857142857,0.0,42.714285714285715,0.0,0.0,1.0,0.0,0.0,1.0,2.0,68
2013-04-28,0.0,0.0,5.0,0.0,0.0,12.0,0.0,0.0,0.0,0.0,0.0,0.0,0.0,0.0,0.0,0.42857142857142855,0.0,45.142857142857146,0.0,0.0,1.0,0.0,0.0,1.0,2.0,69
2013-05-05,0.0,0.0,5.0,0.0,0.0,12.0,0.0,0.0,0.0,0.0,0.0,0.0,0.0,0.0,0.0,0.14285714285714285,0.14285714285714285,46.0,0.0,0.0,1.0,0.0,0.0,1.0,2.0,70
2013-05-12,0.0,0.0,5.0,0.0,0.0,12.0,0.0,0.0,0.0,0.0,0.0,0.0,0.0,0.0,0.0,0.14285714285714285,0.14285714285714285,46.285714285714285,0.0,0.0,1.0,0.0,0.0,1.0,2.0,71
2013-05-19,0.0,0.0,5.0,0.0,0.0,12.0,0.0,0.0,0.0,0.0,0.0,0.0,0.0,0.0,0.0,0.0,0.14285714285714285,45.57142857142857,0.0,0.0,1.0,0.0,0.0,1.0,2.0,72
2013-05-26,0.0,0.0,5.0,0.0,0.14285714285714285,11.0,0.0,0.0,0.0,0.0,0.0,0.0,0.0,0.0,0.0,0.0,0.0,45.0,0.0,0.0,1.0,0.0,0.0,1.0,2.0,73
2013-06-02,0.0,0.0,5.0,0.0,0.14285714285714285,10.142857142857142,0.0,0.0,0.0,0.0,0.0,0.0,0.0,0.0,0.0,0.0,0.14285714285714285,44.57142857142857,0.0,0.0,1.0,0.0,0.0,1.0,2.0,74
2013-06-09,0.0,0.0,5.0,0.0,0.0,10.0,0.0,0.0,0.0,0.0,0.0,0.0,0.0,0.0,0.0,0.14285714285714285,0.2857142857142857,43.57142857142857,0.0,0.0,1.0,0.0,0.0,1.0,2.0,75
2013-06-16,0.0,0.0,5.0,0.0,0.0,10.0,0.0,0.0,0.0,0.0,0.0,0.0,0.0,0.0,0.0,0.14285714285714285,0.0,43.42857142857143,0.0,0.0,1.0,0.0,0.0,1.0,2.0,76
2013-06-23,0.0,0.0,5.0,0.0,0.0,10.0,0.0,0.0,0.0,0.0,0.0,0.0,0.0,0.0,0.0,0.5714285714285714,0.2857142857142857,45.57142857142857,0.0,0.0,1.0,0.0,0.0,1.0,2.0,77
2013-06-30,0.0,0.0,5.0,0.14285714285714285,0.0,10.714285714285714,0.0,0.0,0.0,0.0,0.0,0.0,0.0,0.0,0.0,0.5714285714285714,0.0,49.42857142857143,0.0,0.0,1.0,0.0,0.0,1.0,2.0,78
2013-07-07,0.0,0.0,5.0,0.0,0.0,11.0,0.0,0.0,0.0,0.0,0.0,0.0,0.0,0.0,0.0,0.14285714285714285,0.14285714285714285,50.0,0.0,0.0,1.0,0.0,0.0,1.0,2.0,79
2013-07-14,0.0,0.0,5.0,0.14285714285714285,0.0,11.571428571428571,0.0,0.0,0.0,0.0,0.0,0.0,0.0,0.0,0.0,0.0,0.0,50.0,0.0,0.0,1.0,0.0,0.0,1.0,2.0,80
2013-07-21,0.0,0.0,5.0,0.0,0.0,12.0,0.0,0.0,0.0,0.0,0.0,0.0,0.0,0.0,0.0,0.14285714285714285,0.0,50.857142857142854,0.0,0.0,1.0,0.0,0.0,1.0,2.0,81
2013-07-28,0.0,0.0,5.0,0.0,0.0,12.0,0.0,0.0,0.0,0.0,0.0,0.0,0.0,0.0,0.0,0.2857142857142857,0.14285714285714285,51.57142857142857,0.0,0.0,1.0,0.0,0.0,1.0,2.0,82
2013-08-04,0.0,0.0,5.0,0.14285714285714285,0.0,13.0,0.0,0.0,0.0,0.0,0.0,0.0,0.0,0.0,0.0,0.0,0.14285714285714285,51.142857142857146,0.0,0.0,1.0,0.0,0.0,1.0,2.0,83
2013-08-11,0.0,0.0,5.0,0.0,0.0,13.0,0.0,0.0,0.0,0.0,0.0,0.0,0.0,0.0,0.0,0.14285714285714285,0.14285714285714285,51.142857142857146,0.0,0.0,1.0,0.0,0.0,1.0,2.0,84
2013-08-18,0.0,0.0,5.0,0.0,0.0,13.0,0.0,0.0,0.0,0.0,0.0,0.0,0.0,0.0,0.0,0.0,0.2857142857142857,50.0,0.0,0.14285714285714285,0.14285714285714285,0.0,0.0,1.0,1.1428571428571428,85
2013-08-25,0.0,0.0,5.0,0.0,0.0,13.0,0.0,0.0,0.0,0.0,0.0,0.0,0.0,0.0,0.0,0.2857142857142857,0.0,50.142857142857146,0.0,0.0,0.0,0.0,0.0,1.0,1.0,86
2013-09-01,0.0,0.0,5.0,0.0,0.0,13.0,0.0,0.0,0.0,0.0,0.0,0.0,0.0,0.0,0.0,0.0,0.0,51.0,0.0,0.0,0.0,0.0,0.0,1.0,1.0,87
2013-09-08,0.0,0.0,5.0,0.0,0.0,13.0,0.0,0.0,0.0,0.0,0.0,0.0,0.0,0.0,0.0,0.0,0.0,51.0,0.0,0.0,0.0,0.0,0.0,1.0,1.0,88
2013-09-15,0.14285714285714285,0.0,5.571428571428571,0.14285714285714285,0.14285714285714285,13.428571428571429,0.0,0.0,0.0,0.0,0.0,0.0,0.0,0.0,0.0,0.14285714285714285,0.14285714285714285,51.42857142857143,0.0,0.0,0.0,0.0,0.0,1.0,1.0,89
2013-09-22,0.0,0.0,6.0,0.0,0.0,13.0,0.0,0.0,0.0,0.0,0.0,0.0,0.0,0.0,0.0,0.0,0.0,51.0,0.0,0.0,0.0,0.0,0.0,1.0,1.0,90
2013-09-29,0.0,0.0,6.0,0.0,0.0,13.0,0.0,0.0,0.0,0.0,0.0,0.0,0.0,0.0,0.0,0.0,0.0,51.0,0.0,0.0,0.0,0.0,0.0,1.0,1.0,91
2013-10-06,0.0,0.0,6.0,0.0,0.0,13.0,0.0,0.0,0.0,0.0,0.0,0.0,0.0,0.0,0.0,0.0,0.14285714285714285,50.42857142857143,0.14285714285714285,0.0,0.42857142857142855,0.0,0.0,1.0,1.4285714285714286,92
2013-10-13,0.0,0.14285714285714285,5.571428571428571,0.0,0.0,13.0,0.0,0.0,0.0,0.0,0.0,0.0,0.0,0.0,0.0,0.0,0.14285714285714285,49.0,0.0,0.0,1.0,0.0,0.0,1.0,2.0,93
2013-10-20,0.0,0.0,5.0,0.0,0.0,13.0,0.0,0.0,0.0,0.0,0.0,0.0,0.0,0.0,0.0,0.2857142857142857,0.0,50.42857142857143,0.0,0.0,1.0,0.0,0.0,1.0,2.0,94
2013-10-27,0.0,0.0,5.0,0.0,0.0,13.0,0.0,0.0,0.0,0.0,0.0,0.0,0.0,0.0,0.0,0.0,0.0,51.0,0.0,0.0,1.0,0.0,0.0,1.0,2.0,95
2013-11-03,0.0,0.0,5.0,0.0,0.0,13.0,0.0,0.0,0.0,0.0,0.0,0.0,0.0,0.0,0.0,0.14285714285714285,0.0,52.0,0.0,0.0,1.0,0.0,0.0,1.0,2.0,96
2013-11-10,0.0,0.0,5.0,0.0,0.0,13.0,0.0,0.0,0.0,0.0,0.0,0.0,0.0,0.0,0.0,0.14285714285714285,0.14285714285714285,51.857142857142854,0.0,0.0,1.0,0.0,0.0,1.0,2.0,97
2013-11-17,0.0,0.0,5.0,0.0,0.0,13.0,0.0,0.0,0.0,0.0,0.0,0.0,0.0,0.0,0.0,0.0,0.0,52.0,0.0,0.0,1.0,0.0,0.0,1.0,2.0,98
2013-11-24,0.0,0.0,5.0,0.0,0.0,13.0,0.0,0.0,0.0,0.0,0.0,0.0,0.0,0.0,0.0,0.0,0.0,52.0,0.0,0.0,1.0,0.0,0.0,1.0,2.0,99
2013-12-01,0.0,0.0,5.0,0.0,0.0,13.0,0.0,0.0,0.0,0.0,0.0,0.0,0.0,0.0,0.0,0.14285714285714285,0.2857142857142857,51.142857142857146,0.0,0.0,1.0,0.0,0.0,1.0,2.0,100
2013-12-08,0.14285714285714285,0.0,5.714285714285714,0.0,0.14285714285714285,12.428571428571429,0.0,0.0,0.0,0.0,0.0,0.0,0.0,0.0,0.0,0.0,0.0,51.0,0.0,0.0,1.0,0.0,0.0,1.0,2.0,101
2013-12-15,0.0,0.0,6.0,0.0,0.0,12.0,0.0,0.0,0.0,0.0,0.0,0.0,0.0,0.0,0.0,0.0,0.0,51.0,0.0,0.0,1.0,0.0,0.0,1.0,2.0,102
2013-12-22,0.0,0.0,6.0,0.0,0.0,12.0,0.0,0.0,0.0,0.0,0.0,0.0,0.0,0.0,0.0,0.0,0.0,51.0,0.0,0.0,1.0,0.0,0.0,1.0,2.0,103
2013-12-29,0.0,0.0,6.0,0.0,0.0,12.0,0.0,0.0,0.0,0.0,0.0,0.0,0.0,0.0,0.0,0.0,0.0,51.0,0.0,0.0,1.0,0.0,0.0,1.0,2.0,104
2014-01-05,0.0,0.0,6.0,0.14285714285714285,0.0,12.857142857142858,0.0,0.0,0.0,0.0,0.0,0.0,0.0,0.0,0.0,0.0,0.14285714285714285,50.57142857142857,0.0,0.0,1.0,0.0,0.0,1.0,2.0,105
2014-01-12,0.0,0.0,6.0,0.0,0.0,13.0,0.0,0.0,0.0,0.0,0.0,0.0,0.0,0.0,0.0,0.14285714285714285,0.0,50.57142857142857,0.0,0.0,1.0,0.0,0.0,1.0,2.0,106
2014-01-19,0.0,0.0,6.0,0.0,0.0,13.0,0.0,0.0,0.0,0.0,0.0,0.0,0.0,0.0,0.0,0.0,0.14285714285714285,50.42857142857143,0.0,0.0,1.0,0.0,0.0,1.0,2.0,107
2014-01-26,0.0,0.14285714285714285,5.142857142857143,0.0,0.0,13.0,0.0,0.0,0.0,0.0,0.0,0.0,0.0,0.0,0.0,0.0,0.2857142857142857,48.57142857142857,0.0,0.0,1.0,0.0,0.0,1.0,2.0,108
2014-02-02,0.0,0.0,5.0,0.0,0.14285714285714285,12.571428571428571,0.0,0.0,0.0,0.0,0.0,0.0,0.0,0.0,0.0,0.14285714285714285,0.0,48.57142857142857,0.0,0.0,1.0,0.0,0.0,1.0,2.0,109
2014-02-09,0.0,0.0,5.0,0.14285714285714285,0.0,13.0,0.0,0.0,0.0,0.0,0.0,0.0,0.0,0.0,0.0,0.14285714285714285,0.0,49.42857142857143,0.0,0.0,1.0,0.0,0.0,1.0,2.0,110
2014-02-16,0.0,0.0,5.0,0.0,0.0,13.0,0.0,0.0,0.0,0.0,0.0,0.0,0.0,0.0,0.0,0.0,0.0,50.0,0.0,0.0,1.0,0.0,0.0,1.0,2.0,111
2014-02-23,0.0,0.0,5.0,0.0,0.14285714285714285,12.428571428571429,0.0,0.0,0.0,0.0,0.0,0.0,0.0,0.0,0.0,0.14285714285714285,0.14285714285714285,49.857142857142854,0.0,0.0,1.0,0.0,0.0,1.0,2.0,112
2014-03-02,0.0,0.0,5.0,0.0,0.0,12.0,0.0,0.0,0.0,0.0,0.0,0.0,0.0,0.0,0.0,0.0,0.14285714285714285,49.42857142857143,0.0,0.0,1.0,0.0,0.0,1.0,2.0,113
2014-03-09,0.0,0.0,5.0,0.0,0.0,12.0,0.0,0.0,0.0,0.0,0.0,0.0,0.0,0.0,0.0,0.0,0.7142857142857143,45.57142857142857,0.0,0.0,1.0,0.0,0.0,1.0,2.0,114
2014-03-16,0.0,0.0,5.0,0.0,0.42857142857142855,9.142857142857142,0.0,0.0,0.0,0.0,0.0,0.0,0.0,0.0,0.0,0.0,0.2857142857142857,42.285714285714285,0.0,0.0,1.0,0.0,0.0,1.0,2.0,115
2014-03-23,0.0,0.14285714285714285,4.571428571428571,0.0,0.14285714285714285,8.571428571428571,0.0,0.0,0.0,0.0,0.0,0.0,0.0,0.0,0.0,0.0,0.2857142857142857,40.57142857142857,0.0,0.0,1.0,0.0,0.0,1.0,2.0,116
2014-03-30,0.0,0.0,4.0,0.0,0.0,8.0,0.0,0.0,0.0,0.0,0.0,0.0,0.0,0.0,0.0,0.14285714285714285,0.2857142857142857,39.0,0.0,0.0,1.0,0.0,0.0,1.0,2.0,117
2014-04-06,0.0,0.0,4.0,0.0,0.0,8.0,0.0,0.0,0.0,0.0,0.0,0.0,0.0,0.0,0.0,0.14285714285714285,0.0,40.0,0.0,0.0,1.0,0.0,0.0,1.0,2.0,118
2014-04-13,0.0,0.0,4.0,0.14285714285714285,0.0,9.0,0.0,0.0,0.0,0.0,0.0,0.0,0.0,0.0,0.0,0.0,0.0,40.0,0.0,0.0,1.0,0.0,0.0,1.0,2.0,119
2014-04-20,0.0,0.0,4.0,0.0,0.0,9.0,0.0,0.0,0.0,0.0,0.0,0.0,0.0,0.0,0.0,0.2857142857142857,0.0,41.714285714285715,0.0,0.0,1.0,0.0,0.0,1.0,2.0,120
2014-04-27,0.0,0.0,4.0,0.0,0.0,9.0,0.0,0.0,0.0,0.0,0.0,0.0,0.0,0.0,0.0,0.0,0.2857142857142857,40.0,0.0,0.0,1.0,0.0,0.0,1.0,2.0,121
2014-05-04,0.0,0.0,4.0,0.2857142857142857,0.14285714285714285,10.142857142857142,0.0,0.0,0.0,0.0,0.0,0.0,0.0,0.0,0.0,0.0,0.0,40.0,0.0,0.0,1.0,0.0,0.0,1.0,2.0,122
2014-05-11,0.0,0.14285714285714285,3.5714285714285716,0.0,0.0,10.0,0.0,0.0,0.0,0.0,0.0,0.0,0.0,0.0,0.0,0.42857142857142855,0.2857142857142857,41.57142857142857,0.0,0.0,1.0,0.0,0.0,1.0,2.0,123
2014-05-18,0.0,0.0,3.0,0.0,0.0,10.0,0.0,0.0,0.0,0.0,0.0,0.0,0.0,0.0,0.0,0.2857142857142857,0.0,42.0,0.0,0.0,1.0,0.0,0.0,1.0,2.0,124
2014-05-25,0.0,0.0,3.0,0.0,0.0,10.0,0.0,0.0,0.0,0.0,0.0,0.0,0.0,0.0,0.0,0.14285714285714285,0.2857142857142857,42.142857142857146,0.0,0.0,1.0,0.0,0.0,1.0,2.0,125
2014-06-01,0.0,0.0,3.0,0.0,0.0,10.0,0.0,0.0,0.0,0.0,0.0,0.0,0.0,0.0,0.0,0.14285714285714285,0.0,42.714285714285715,0.0,0.0,1.0,0.0,0.0,1.0,2.0,126
2014-06-08,0.0,0.0,3.0,0.0,0.0,10.0,0.0,0.0,0.0,0.0,0.0,0.0,0.0,0.0,0.0,0.14285714285714285,0.0,43.857142857142854,0.0,0.0,1.0,0.0,0.0,1.0,2.0,127
2014-06-15,0.0,0.0,3.0,0.0,0.0,10.0,0.0,0.0,0.0,0.0,0.0,0.0,0.0,0.0,0.0,0.0,0.0,44.0,0.0,0.0,1.0,0.0,0.0,1.0,2.0,128
2014-06-22,0.14285714285714285,0.0,3.4285714285714284,0.2857142857142857,0.0,12.0,0.0,0.0,0.0,0.0,0.0,0.0,0.0,0.0,0.0,0.2857142857142857,0.14285714285714285,45.142857142857146,0.0,0.0,1.0,0.0,0.14285714285714285,0.14285714285714285,1.1428571428571428,129
2014-06-29,0.0,0.0,4.0,0.14285714285714285,0.14285714285714285,12.428571428571429,0.0,0.0,0.0,0.0,0.0,0.0,0.0,0.0,0.0,0.2857142857142857,0.0,46.57142857142857,0.0,0.0,1.0,0.0,0.0,0.0,1.0,130
2014-07-06,0.0,0.0,4.0,0.0,0.0,12.0,0.0,0.0,0.0,0.0,0.0,0.0,0.0,0.0,0.0,0.0,0.0,47.0,0.14285714285714285,0.0,2.0,0.0,0.0,0.0,2.0,131
2014-07-13,0.0,0.0,4.0,0.0,0.0,12.0,0.0,0.0,0.0,0.0,0.0,0.0,0.0,0.0,0.0,0.5714285714285714,0.0,50.57142857142857,0.0,0.0,2.0,0.0,0.0,0.0,2.0,132
2014-07-20,0.14285714285714285,0.0,5.0,0.0,0.0,12.0,0.0,0.0,0.0,0.0,0.0,0.0,0.0,0.0,0.0,0.2857142857142857,0.0,52.142857142857146,0.0,0.0,2.0,0.0,0.0,0.0,2.0,133
2014-07-27,0.0,0.0,5.0,0.0,0.14285714285714285,11.428571428571429,0.0,0.0,0.0,0.0,0.0,0.0,0.0,0.0,0.0,0.14285714285714285,0.14285714285714285,52.857142857142854,0.0,0.0,2.0,0.0,0.0,0.0,2.0,134
2014-08-03,0.0,0.0,5.0,0.14285714285714285,0.0,11.857142857142858,0.0,0.0,0.0,0.0,0.0,0.0,0.0,0.0,0.0,0.14285714285714285,0.14285714285714285,52.857142857142854,0.0,0.0,2.0,0.0,0.0,0.0,2.0,135
2014-08-10,0.14285714285714285,0.0,6.0,0.0,0.0,12.0,0.0,0.0,0.0,0.0,0.0,0.0,0.0,0.0,0.0,0.14285714285714285,0.42857142857142855,51.714285714285715,0.0,0.0,2.0,0.0,0.0,0.0,2.0,136
2014-08-17,0.14285714285714285,0.0,7.0,0.0,0.0,12.0,0.0,0.0,0.0,0.0,0.0,0.0,0.0,0.0,0.0,0.0,0.14285714285714285,50.142857142857146,0.0,0.0,2.0,0.0,0.0,0.0,2.0,137
2014-08-24,0.0,0.14285714285714285,6.0,0.2857142857142857,0.0,13.714285714285714,0.0,0.0,0.0,0.0,0.0,0.0,0.0,0.0,0.0,0.0,0.14285714285714285,49.57142857142857,0.0,0.0,2.0,0.0,0.0,0.0,2.0,138
2014-08-31,0.0,0.14285714285714285,5.0,0.0,0.0,14.0,0.0,0.0,0.0,0.0,0.0,0.0,0.0,0.0,0.0,0.14285714285714285,0.42857142857142855,48.142857142857146,0.0,0.0,2.0,0.0,0.0,0.0,2.0,139
2014-09-07,0.0,0.0,5.0,0.0,0.0,14.0,0.0,0.0,0.0,0.0,0.0,0.0,0.0,0.0,0.0,0.14285714285714285,0.2857142857142857,46.42857142857143,0.0,0.0,2.0,0.0,0.0,0.0,2.0,140
2014-09-14,0.0,0.0,5.0,0.2857142857142857,0.0,15.857142857142858,0.0,0.0,0.0,0.0,0.0,0.0,0.0,0.0,0.0,0.14285714285714285,0.14285714285714285,46.0,0.0,0.0,2.0,0.0,0.0,0.0,2.0,141
2014-09-21,0.0,0.0,5.0,0.0,0.0,16.0,0.0,0.0,0.0,0.0,0.0,0.0,0.0,0.0,0.0,0.0,0.14285714285714285,45.42857142857143,0.0,0.0,2.0,0.0,0.0,0.0,2.0,142
2014-09-28,0.0,0.0,5.0,0.0,0.0,16.0,0.0,0.0,0.0,0.0,0.0,0.0,0.0,0.0,0.0,0.0,0.2857142857142857,43.57142857142857,0.0,0.0,2.0,0.0,0.0,0.0,2.0,143
2014-10-05,0.0,0.0,5.0,0.0,0.0,16.0,0.0,0.0,0.0,0.0,0.0,0.0,0.0,0.0,0.0,0.0,0.14285714285714285,42.142857142857146,0.0,0.0,2.0,0.0,0.0,0.0,2.0,144
2014-10-12,0.0,0.0,5.0,0.0,0.0,16.0,0.0,0.0,0.0,0.14285714285714285,0.0,0.5714285714285714,0.0,0.0,0.0,0.0,0.0,42.0,0.0,0.0,2.0,0.0,0.0,0.0,2.5714285714285716,145
2014-10-19,0.0,0.0,5.0,0.0,0.0,16.0,0.0,0.0,0.0,0.0,0.0,1.0,0.0,0.0,0.0,0.0,0.14285714285714285,41.42857142857143,0.0,0.0,2.0,0.0,0.0,0.0,3.0,146
2014-10-26,0.0,0.14285714285714285,4.142857142857143,0.0,0.0,16.0,0.0,0.0,0.0,0.0,0.0,1.0,0.0,0.0,0.0,0.14285714285714285,0.0,41.57142857142857,0.0,0.0,2.0,0.0,0.0,0.0,3.0,147
2014-11-02,0.0,0.0,4.0,0.0,0.0,16.0,0.0,0.0,0.0,0.0,0.0,1.0,0.0,0.0,0.0,0.0,0.0,42.0,0.0,0.0,2.0,0.0,0.0,0.0,3.0,148
2014-11-09,0.0,0.0,4.0,0.0,0.0,16.0,0.0,0.0,0.0,0.0,0.0,1.0,0.0,0.0,0.0,0.0,0.0,42.0,0.0,0.0,2.0,0.0,0.0,0.0,3.0,149
2014-11-16,0.0,0.0,4.0,0.0,0.0,16.0,0.0,0.0,0.0,0.0,0.0,1.0,0.0,0.0,0.0,0.0,0.0,42.0,0.0,0.0,2.0,0.0,0.0,0.0,3.0,150
2014-11-23,0.0,0.0,4.0,0.0,0.0,16.0,0.0,0.0,0.0,0.0,0.0,1.0,0.0,0.0,0.0,0.14285714285714285,0.0,42.42857142857143,0.0,0.0,2.0,0.0,0.0,0.0,3.0,151
2014-11-30,0.0,0.0,4.0,0.0,0.0,16.0,0.0,0.0,0.0,0.0,0.0,1.0,0.0,0.0,0.0,0.0,0.0,43.0,0.0,0.0,2.0,0.0,0.0,0.0,3.0,152
2014-12-07,0.0,0.0,4.0,0.0,0.0,16.0,0.0,0.0,0.0,0.0,0.0,1.0,0.0,0.0,0.0,0.0,0.0,43.0,0.0,0.0,2.0,0.0,0.0,0.0,3.0,153
2014-12-14,0.0,0.0,4.0,0.0,0.0,16.0,0.0,0.0,0.0,0.0,0.0,1.0,0.0,0.0,0.0,0.0,0.0,43.0,0.0,0.0,2.0,0.0,0.0,0.0,3.0,154
2014-12-21,0.0,0.0,4.0,0.0,0.0,16.0,0.0,0.0,0.0,0.0,0.0,1.0,0.0,0.0,0.0,0.0,0.14285714285714285,42.42857142857143,0.0,0.0,2.0,0.0,0.0,0.0,3.0,155
2014-12-28,0.0,0.0,4.0,0.14285714285714285,0.14285714285714285,16.0,0.0,0.0,0.0,0.0,0.0,1.0,0.0,0.0,0.0,0.0,0.14285714285714285,41.0,0.0,0.0,2.0,0.0,0.0,0.0,3.0,156
2015-01-04,0.0,0.0,4.0,0.0,0.0,16.0,0.0,0.0,0.0,0.0,0.0,1.0,0.0,0.0,0.0,0.0,0.0,41.0,0.0,0.0,2.0,0.0,0.0,0.0,3.0,157
2015-01-11,0.0,0.0,4.0,0.0,0.0,16.0,0.0,0.0,0.0,0.0,0.0,1.0,0.0,0.0,0.0,0.0,0.14285714285714285,40.0,0.0,0.0,2.0,0.0,0.0,0.0,3.0,158
2015-01-18,0.0,0.0,4.0,0.0,0.14285714285714285,15.428571428571429,0.0,0.0,0.0,0.0,0.0,1.0,0.0,0.0,0.0,0.0,0.0,40.0,0.0,0.0,2.0,0.0,0.0,0.0,3.0,159
2015-01-25,0.0,0.0,4.0,0.0,0.0,15.0,0.0,0.0,0.0,0.0,0.0,1.0,0.0,0.0,0.0,0.0,0.14285714285714285,39.42857142857143,0.0,0.0,2.0,0.0,0.0,0.0,3.0,160
2015-02-01,0.0,0.0,4.0,0.0,0.0,15.0,0.0,0.0,0.0,0.0,0.0,1.0,0.0,0.0,0.0,0.14285714285714285,0.0,39.57142857142857,0.0,0.0,2.0,0.0,0.0,0.0,3.0,161
2015-02-08,0.0,0.0,4.0,0.0,0.14285714285714285,14.285714285714286,0.0,0.0,0.0,0.0,0.0,1.0,0.0,0.0,0.0,0.0,0.14285714285714285,39.142857142857146,0.14285714285714285,0.0,3.0,0.0,0.0,0.0,4.0,162
2015-02-15,0.0,0.0,4.0,0.0,0.0,14.0,0.0,0.0,0.0,0.0,0.0,1.0,0.0,0.0,0.0,0.0,0.0,39.0,0.0,0.0,3.0,0.0,0.0,0.0,4.0,163
2015-02-22,0.14285714285714285,0.0,4.571428571428571,0.0,0.0,14.0,0.0,0.0,0.0,0.0,0.0,1.0,0.0,0.0,0.0,0.0,0.0,39.0,0.0,0.0,3.0,0.0,0.0,0.0,4.0,164
2015-03-01,0.0,0.0,5.0,0.0,0.0,14.0,0.0,0.0,0.0,0.0,0.0,1.0,0.14285714285714285,0.0,0.8571428571428571,0.14285714285714285,0.0,39.57142857142857,0.0,0.0,3.0,0.0,0.0,0.0,4.857142857142857,165
2015-03-08,0.0,0.0,5.0,0.0,0.0,14.0,0.0,0.0,0.0,0.0,0.0,1.0,0.0,0.0,1.0,0.0,0.14285714285714285,39.42857142857143,0.0,0.0,3.0,0.0,0.0,0.0,5.0,166
2015-03-15,0.0,0.0,5.0,0.0,0.0,14.0,0.0,0.0,0.0,0.0,0.0,1.0,0.0,0.0,1.0,0.0,0.0,39.0,0.0,0.0,3.0,0.0,0.0,0.0,5.0,167
2015-03-22,0.0,0.0,5.0,0.0,0.0,14.0,0.0,0.0,0.0,0.0,0.0,1.0,0.0,0.0,1.0,0.0,0.14285714285714285,38.142857142857146,0.0,0.14285714285714285,2.5714285714285716,0.0,0.0,0.0,4.571428571428571,168
2015-03-29,0.0,0.0,5.0,0.0,0.0,14.0,0.0,0.0,0.0,0.0,0.0,1.0,0.0,0.0,1.0,0.14285714285714285,0.0,39.0,0.0,0.0,2.0,0.0,0.0,0.0,4.0,169
2015-04-05,0.0,0.0,5.0,0.0,0.0,14.0,0.0,0.0,0.0,0.0,0.0,1.0,0.0,0.0,1.0,0.0,0.14285714285714285,38.42857142857143,0.0,0.0,2.0,0.0,0.0,0.0,4.0,170
2015-04-12,0.0,0.14285714285714285,4.428571428571429,0.0,0.0,14.0,0.0,0.0,0.0,0.0,0.0,1.0,0.0,0.0,1.0,0.0,0.0,38.0,0.0,0.0,2.0,0.0,0.0,0.0,4.0,171
2015-04-19,0.0,0.0,4.0,0.0,0.0,14.0,0.0,0.0,0.0,0.0,0.0,1.0,0.0,0.0,1.0,0.0,0.0,38.0,0.0,0.0,2.0,0.0,0.0,0.0,4.0,172
2015-04-26,0.14285714285714285,0.0,4.571428571428571,0.0,0.0,14.0,0.0,0.0,0.0,0.0,0.0,1.0,0.0,0.0,1.0,0.0,0.0,38.0,0.0,0.0,2.0,0.0,0.0,0.0,4.0,173
2015-05-03,0.0,0.0,5.0,0.14285714285714285,0.14285714285714285,13.857142857142858,0.0,0.0,0.0,0.0,0.0,1.0,0.0,0.0,1.0,0.0,0.0,38.0,0.0,0.0,2.0,0.0,0.0,0.0,4.0,174
2015-05-10,0.0,0.0,5.0,0.14285714285714285,0.0,15.0,0.0,0.0,0.0,0.0,0.0,1.0,0.0,0.0,1.0,0.14285714285714285,0.14285714285714285,38.0,0.0,0.0,2.0,0.0,0.0,0.0,4.0,175
2015-05-17,0.0,0.0,5.0,0.0,0.0,15.0,0.0,0.0,0.0,0.0,0.0,1.0,0.0,0.0,1.0,0.0,0.42857142857142855,35.857142857142854,0.0,0.0,2.0,0.0,0.0,0.0,4.0,176
2015-05-24,0.0,0.0,5.0,0.0,0.0,15.0,0.0,0.0,0.0,0.0,0.0,1.0,0.0,0.0,1.0,0.0,0.2857142857142857,34.142857142857146,0.0,0.0,2.0,0.0,0.0,0.0,4.0,177
2015-05-31,0.0,0.0,5.0,0.0,0.14285714285714285,14.571428571428571,0.0,0.0,0.0,0.0,0.0,1.0,0.0,0.0,1.0,0.0,0.7142857142857143,30.428571428571427,0.0,0.0,2.0,0.0,0.0,0.0,4.0,178
2015-06-07,0.14285714285714285,0.0,5.428571428571429,0.0,0.0,14.0,0.0,0.0,0.0,0.0,0.0,1.0,0.0,0.0,1.0,0.14285714285714285,0.0,28.571428571428573,0.0,0.0,2.0,0.0,0.0,0.0,4.0,179
2015-06-14,0.0,0.14285714285714285,5.571428571428571,0.0,0.0,14.0,0.0,0.0,0.0,0.0,0.0,1.0,0.0,0.0,1.0,0.0,0.0,29.0,0.0,0.0,2.0,0.0,0.0,0.0,4.0,180
2015-06-21,0.0,0.0,5.0,0.0,0.0,14.0,0.0,0.0,0.0,0.0,0.0,1.0,0.0,0.0,1.0,0.14285714285714285,0.0,29.857142857142858,0.0,0.0,2.0,0.0,0.0,0.0,4.0,181
2015-06-28,0.0,0.0,5.0,0.0,0.0,14.0,0.0,0.0,0.0,0.0,0.0,1.0,0.0,0.0,1.0,0.14285714285714285,0.0,30.428571428571427,0.0,0.0,2.0,0.0,0.0,0.0,4.0,182
2015-07-05,0.0,0.0,5.0,0.0,0.0,14.0,0.0,0.0,0.0,0.0,0.0,1.0,0.0,0.0,1.0,0.14285714285714285,0.14285714285714285,30.714285714285715,0.0,0.0,2.0,0.0,0.0,0.0,4.0,183
2015-07-12,0.0,0.0,5.0,0.14285714285714285,0.0,14.428571428571429,0.0,0.0,0.0,0.0,0.0,1.0,0.0,0.0,1.0,0.14285714285714285,0.0,32.0,0.0,0.14285714285714285,1.2857142857142858,0.0,0.0,0.0,3.2857142857142856,184
2015-07-19,0.14285714285714285,0.0,5.571428571428571,0.14285714285714285,0.14285714285714285,15.142857142857142,0.0,0.0,0.0,0.0,0.14285714285714285,0.5714285714285714,0.0,0.0,1.0,0.2857142857142857,0.14285714285714285,33.0,0.14285714285714285,0.14285714285714285,0.14285714285714285,0.0,0.0,0.0,1.7142857142857142,185
2015-07-26,0.0,0.0,6.0,0.0,0.42857142857142855,12.714285714285714,0.0,0.0,0.0,0.0,0.0,0.0,0.0,0.0,1.0,0.2857142857142857,0.14285714285714285,34.0,0.0,0.0,1.0,0.0,0.0,0.0,2.0,186
2015-08-02,0.0,0.0,6.0,0.0,0.0,12.0,0.0,0.0,0.0,0.0,0.0,0.0,0.0,0.0,1.0,0.14285714285714285,0.0,34.857142857142854,0.0,0.0,1.0,0.0,0.0,0.0,2.0,187
2015-08-09,0.14285714285714285,0.0,6.857142857142857,0.0,0.0,12.0,0.0,0.0,0.0,0.0,0.0,0.0,0.0,0.0,1.0,0.0,0.14285714285714285,34.285714285714285,0.0,0.0,1.0,0.0,0.0,0.0,2.0,188
2015-08-16,0.0,0.0,7.0,0.0,0.0,12.0,0.0,0.0,0.0,0.0,0.0,0.0,0.0,0.0,1.0,0.0,0.0,34.0,0.0,0.0,1.0,0.0,0.0,0.0,2.0,189
2015-08-23,0.0,0.0,7.0,0.0,0.0,12.0,0.0,0.0,0.0,0.0,0.0,0.0,0.0,0.0,1.0,0.14285714285714285,0.0,34.57142857142857,0.0,0.0,1.0,0.0,0.0,0.0,2.0,190
2015-08-30,0.0,0.0,7.0,0.0,0.0,12.0,0.0,0.0,0.0,0.0,0.0,0.0,0.0,0.0,1.0,0.0,0.0,35.0,0.0,0.0,1.0,0.0,0.0,0.0,2.0,191
2015-09-06,0.0,0.0,7.0,0.0,0.0,12.0,0.0,0.0,0.0,0.0,0.0,0.0,0.0,0.0,1.0,0.14285714285714285,0.0,35.42857142857143,0.0,0.0,1.0,0.0,0.0,0.0,2.0,192
2015-09-13,0.0,0.0,7.0,0.0,0.0,12.0,0.0,0.0,0.0,0.0,0.0,0.0,0.0,0.0,1.0,0.14285714285714285,0.0,36.57142857142857,0.0,0.0,1.0,0.0,0.0,0.0,2.0,193
2015-09-20,0.0,0.0,7.0,0.0,0.0,12.0,0.0,0.0,0.0,0.0,0.0,0.0,0.0,0.0,1.0,0.0,0.0,37.0,0.0,0.0,1.0,0.0,0.0,0.0,2.0,194
2015-09-27,0.0,0.0,7.0,0.0,0.0,12.0,0.0,0.0,0.0,0.0,0.0,0.0,0.0,0.0,1.0,0.0,0.0,37.0,0.0,0.0,1.0,0.0,0.0,0.0,2.0,195
2015-10-04,0.0,0.0,7.0,0.0,0.0,12.0,0.0,0.0,0.0,0.0,0.0,0.0,0.0,0.0,1.0,0.0,0.0,37.0,0.0,0.0,1.0,0.0,0.0,0.0,2.0,196
2015-10-11,0.0,0.0,7.0,0.0,0.0,12.0,0.0,0.0,0.0,0.0,0.0,0.0,0.0,0.0,1.0,0.14285714285714285,0.0,38.0,0.0,0.0,1.0,0.0,0.0,0.0,2.0,197
2015-10-18,0.0,0.0,7.0,0.0,0.0,12.0,0.0,0.0,0.0,0.0,0.0,0.0,0.0,0.0,1.0,0.14285714285714285,0.14285714285714285,38.142857142857146,0.0,0.0,1.0,0.0,0.0,0.0,2.0,198
2015-10-25,0.0,0.0,7.0,0.0,0.0,12.0,0.0,0.0,0.0,0.0,0.0,0.0,0.0,0.0,1.0,0.5714285714285714,0.2857142857142857,39.42857142857143,0.0,0.0,1.0,0.0,0.0,0.0,2.0,199
2015-11-01,0.0,0.0,7.0,0.0,0.0,12.0,0.0,0.0,0.0,0.0,0.0,0.0,0.0,0.0,1.0,0.14285714285714285,0.2857142857142857,39.285714285714285,0.0,0.0,1.0,0.0,0.0,0.0,2.0,200
2015-11-08,0.2857142857142857,0.0,8.285714285714286,0.0,0.14285714285714285,11.142857142857142,0.0,0.0,0.0,0.0,0.0,0.0,0.0,0.0,1.0,0.0,0.0,39.0,0.0,0.0,1.0,0.0,0.0,0.0,2.0,201
2015-11-15,0.0,0.0,9.0,0.0,0.2857142857142857,9.714285714285714,0.0,0.0,0.0,0.0,0.0,0.0,0.0,0.0,1.0,0.0,0.0,39.0,0.0,0.0,1.0,0.0,0.0,0.0,2.0,202
2015-11-22,0.0,0.0,9.0,0.0,0.0,9.0,0.0,0.0,0.0,0.0,0.0,0.0,0.0,0.0,1.0,0.0,0.0,39.0,0.0,0.0,1.0,0.0,0.0,0.0,2.0,203
2015-11-29,0.0,0.0,9.0,0.0,0.0,9.0,0.0,0.0,0.0,0.0,0.0,0.0,0.0,0.0,1.0,0.14285714285714285,0.0,39.714285714285715,0.0,0.0,1.0,0.0,0.0,0.0,2.0,204
2015-12-06,0.0,0.14285714285714285,8.142857142857142,0.0,0.0,9.0,0.14285714285714285,0.0,0.8571428571428571,0.0,0.0,0.0,0.0,0.0,1.0,0.2857142857142857,0.0,41.42857142857143,0.0,0.0,1.0,0.0,0.0,0.0,2.857142857142857,205
2015-12-13,0.0,0.14285714285714285,7.285714285714286,0.0,0.0,9.0,0.0,0.0,1.0,0.0,0.0,0.0,0.0,0.0,1.0,0.2857142857142857,0.0,43.42857142857143,0.0,0.0,1.0,0.0,0.0,0.0,3.0,206
2015-12-20,0.14285714285714285,0.0,7.857142857142857,0.0,0.0,9.0,0.0,0.0,1.0,0.0,0.0,0.0,0.0,0.0,1.0,0.0,0.14285714285714285,43.0,0.0,0.0,1.0,0.0,0.0,0.0,3.0,207
2015-12-27,0.14285714285714285,0.0,9.0,0.0,0.0,9.0,0.0,0.0,1.0,0.0,0.0,0.0,0.0,0.0,1.0,0.0,0.0,43.0,0.0,0.0,1.0,0.0,0.0,0.0,3.0,208
2016-01-03,0.0,0.0,9.0,0.0,0.0,9.0,0.0,0.0,1.0,0.0,0.0,0.0,0.0,0.0,1.0,0.0,0.0,43.0,0.0,0.0,1.0,0.0,0.0,0.0,3.0,209
2016-01-10,0.0,0.0,9.0,0.0,0.0,9.0,0.0,0.0,1.0,0.0,0.0,0.0,0.0,0.0,1.0,0.0,0.14285714285714285,42.42857142857143,0.0,0.0,1.0,0.0,0.0,0.0,3.0,210
2016-01-17,0.0,0.0,9.0,0.0,0.14285714285714285,8.142857142857142,0.0,0.0,1.0,0.0,0.0,0.0,0.0,0.0,1.0,0.2857142857142857,0.14285714285714285,42.857142857142854,0.0,0.0,1.0,0.0,0.0,0.0,3.0,211
2016-01-24,0.0,0.0,9.0,0.0,0.14285714285714285,7.571428571428571,0.0,0.0,1.0,0.0,0.0,0.0,0.0,0.0,1.0,0.14285714285714285,0.14285714285714285,43.42857142857143,0.0,0.0,1.0,0.0,0.0,0.0,3.0,212
2016-01-31,0.0,0.0,9.0,0.0,0.0,7.0,0.0,0.0,1.0,0.0,0.0,0.0,0.0,0.0,1.0,0.42857142857142855,0.0,45.42857142857143,0.0,0.0,1.0,0.0,0.0,0.0,3.0,213
2016-02-07,0.0,0.0,9.0,0.0,0.0,7.0,0.0,0.0,1.0,0.0,0.0,0.0,0.0,0.0,1.0,0.14285714285714285,0.0,46.714285714285715,0.0,0.0,1.0,0.0,0.0,0.0,3.0,214
2016-02-14,0.0,0.0,9.0,0.0,0.0,7.0,0.0,0.0,1.0,0.0,0.0,0.0,0.0,0.0,1.0,0.0,0.0,47.0,0.0,0.0,1.0,0.0,0.0,0.0,3.0,215
2016-02-21,0.14285714285714285,0.0,9.428571428571429,0.0,0.0,7.0,0.0,0.0,1.0,0.0,0.0,0.0,0.0,0.0,1.0,0.0,0.0,47.0,0.0,0.0,1.0,0.0,0.0,0.0,3.0,216
2016-02-28,0.0,0.0,10.0,0.0,0.0,7.0,0.0,0.0,1.0,0.0,0.0,0.0,0.0,0.0,1.0,0.14285714285714285,0.2857142857142857,46.285714285714285,0.0,0.0,1.0,0.0,0.0,0.0,3.0,217
2016-03-06,0.0,0.0,10.0,0.0,0.14285714285714285,6.142857142857143,0.0,0.0,1.0,0.0,0.0,0.0,0.0,0.0,1.0,0.0,0.0,46.0,0.0,0.0,1.0,0.0,0.0,0.0,3.0,218
2016-03-13,0.0,0.14285714285714285,9.571428571428571,0.0,0.0,6.0,0.0,0.0,1.0,0.0,0.0,0.0,0.0,0.0,1.0,0.0,0.0,46.0,0.0,0.0,1.0,0.0,0.0,0.0,3.0,219
2016-03-20,0.0,0.0,9.0,0.0,0.0,6.0,0.0,0.0,1.0,0.0,0.0,0.0,0.0,0.0,1.0,0.2857142857142857,0.14285714285714285,46.857142857142854,0.0,0.0,1.0,0.0,0.0,0.0,3.0,220
2016-03-27,0.14285714285714285,0.0,9.857142857142858,0.0,0.0,6.0,0.0,0.0,1.0,0.0,0.0,0.0,0.0,0.0,1.0,0.14285714285714285,0.14285714285714285,46.57142857142857,0.0,0.0,1.0,0.0,0.0,0.0,3.0,221
2016-04-03,0.0,0.0,10.0,0.0,0.0,6.0,0.0,0.0,1.0,0.0,0.0,0.0,0.0,0.0,1.0,0.0,0.42857142857142855,44.857142857142854,0.0,0.0,1.0,0.0,0.0,0.0,3.0,222
2016-04-10,0.0,0.0,10.0,0.0,0.0,6.0,0.0,0.0,1.0,0.0,0.0,0.0,0.0,0.0,1.0,0.14285714285714285,0.0,44.57142857142857,0.0,0.0,1.0,0.0,0.0,0.0,3.0,223
2016-04-17,0.0,0.0,10.0,0.0,0.0,6.0,0.0,0.0,1.0,0.0,0.0,0.0,0.0,0.0,1.0,0.14285714285714285,0.0,45.57142857142857,0.0,0.0,1.0,0.0,0.0,0.0,3.0,224
2016-04-24,0.0,0.0,10.0,0.0,0.0,6.0,0.0,0.0,1.0,0.0,0.0,0.0,0.0,0.0,1.0,0.0,0.0,46.0,0.0,0.0,1.0,0.0,0.0,0.0,3.0,225
2016-05-01,0.0,0.0,10.0,0.2857142857142857,0.14285714285714285,7.0,0.0,0.0,1.0,0.0,0.0,0.0,0.0,0.0,1.0,0.14285714285714285,0.14285714285714285,46.285714285714285,0.0,0.0,1.0,0.0,0.0,0.0,3.0,226
2016-05-08,0.0,0.0,10.0,0.0,0.0,7.0,0.0,0.0,1.0,0.0,0.0,0.0,0.0,0.0,1.0,0.14285714285714285,0.14285714285714285,46.142857142857146,0.0,0.0,1.0,0.0,0.0,0.0,3.0,227
2016-05-15,0.14285714285714285,0.0,10.428571428571429,0.0,0.0,7.0,0.0,0.0,1.0,0.0,0.0,0.0,0.0,0.0,1.0,0.0,0.0,46.0,0.0,0.14285714285714285,0.14285714285714285,0.0,0.0,0.0,2.142857142857143,228
2016-05-22,0.0,0.0,11.0,0.0,0.0,7.0,0.0,0.0,1.0,0.0,0.0,0.0,0.0,0.14285714285714285,0.0,0.0,0.0,46.0,0.0,0.0,0.0,0.0,0.0,0.0,1.0,229
2016-05-29,0.0,0.0,11.0,0.0,0.0,7.0,0.0,0.0,1.0,0.0,0.0,0.0,0.0,0.0,0.0,0.0,0.0,46.0,0.0,0.0,0.0,0.0,0.0,0.0,1.0,230
2016-06-05,0.0,0.0,11.0,0.0,0.0,7.0,0.0,0.0,1.0,0.0,0.0,0.0,0.0,0.0,0.0,0.14285714285714285,0.0,46.714285714285715,0.0,0.0,0.0,0.0,0.0,0.0,1.0,231
2016-06-12,0.0,0.0,11.0,0.0,0.0,7.0,0.0,0.0,1.0,0.0,0.0,0.0,0.0,0.0,0.0,0.0,0.0,47.0,0.0,0.0,0.0,0.0,0.0,0.0,1.0,232
2016-06-19,0.0,0.0,11.0,0.0,0.0,7.0,0.0,0.0,1.0,0.0,0.0,0.0,0.0,0.0,0.0,0.0,0.14285714285714285,46.42857142857143,0.14285714285714285,0.0,1.0,0.0,0.0,0.0,2.0,233
2016-06-26,0.0,0.0,11.0,0.0,0.0,7.0,0.0,0.0,1.0,0.0,0.0,0.0,0.0,0.0,0.0,0.0,0.42857142857142855,44.142857142857146,0.0,0.0,1.0,0.0,0.0,0.0,2.0,234
2016-07-03,0.0,0.0,11.0,0.0,0.0,7.0,0.0,0.0,1.0,0.0,0.0,0.0,0.0,0.0,0.0,0.0,0.0,43.0,0.0,0.0,1.0,0.0,0.0,0.0,2.0,235
2016-07-10,0.0,0.14285714285714285,10.428571428571429,0.0,0.0,7.0,0.0,0.0,1.0,0.0,0.0,0.0,0.0,0.0,0.0,0.0,0.14285714285714285,42.142857142857146,0.0,0.0,1.0,0.0,0.0,0.0,2.0,236
2016-07-17,0.0,0.0,10.0,0.0,0.0,7.0,0.0,0.0,1.0,0.0,0.0,0.0,0.0,0.0,0.0,0.0,0.2857142857142857,41.0,0.0,0.0,1.0,0.0,0.0,0.0,2.0,237
2016-07-24,0.0,0.14285714285714285,9.428571428571429,0.0,0.0,7.0,0.0,0.0,1.0,0.0,0.0,0.0,0.0,0.0,0.0,0.0,0.0,40.0,0.0,0.0,1.0,0.0,0.0,0.0,2.0,238
2016-07-31,0.0,0.0,9.0,0.0,0.0,7.0,0.0,0.0,1.0,0.0,0.0,0.0,0.0,0.0,0.0,0.0,0.14285714285714285,39.42857142857143,0.0,0.0,1.0,0.0,0.0,0.0,2.0,239
2016-08-07,0.0,0.0,9.0,0.14285714285714285,0.0,7.857142857142857,0.0,0.14285714285714285,0.14285714285714285,0.0,0.0,0.0,0.0,0.0,0.0,0.0,0.0,39.0,0.0,0.0,1.0,0.0,0.0,0.0,1.1428571428571428,240
2016-08-14,0.0,0.0,9.0,0.0,0.0,8.0,0.0,0.0,0.0,0.0,0.0,0.0,0.0,0.0,0.0,0.14285714285714285,0.14285714285714285,39.0,0.0,0.0,1.0,0.0,0.0,0.0,1.0,241
2016-08-21,0.0,0.14285714285714285,8.571428571428571,0.0,0.14285714285714285,7.285714285714286,0.0,0.0,0.0,0.0,0.0,0.0,0.0,0.0,0.0,0.14285714285714285,0.0,39.714285714285715,0.0,0.0,1.0,0.0,0.0,0.0,1.0,242
2016-08-28,0.0,0.0,8.0,0.0,0.0,7.0,0.0,0.0,0.0,0.0,0.0,0.0,0.0,0.0,0.0,0.0,0.42857142857142855,38.0,0.0,0.0,1.0,0.0,0.0,0.0,1.0,243
2016-09-04,0.2857142857142857,0.0,9.428571428571429,0.0,0.0,7.0,0.0,0.0,0.0,0.0,0.0,0.0,0.0,0.0,0.0,0.0,0.0,37.0,0.0,0.0,1.0,0.0,0.0,0.0,1.0,244
2016-09-11,0.0,0.0,10.0,0.0,0.0,7.0,0.0,0.0,0.0,0.0,0.0,0.0,0.0,0.0,0.0,0.14285714285714285,0.0,37.42857142857143,0.0,0.0,1.0,0.0,0.0,0.0,1.0,245
2016-09-18,0.0,0.0,10.0,0.14285714285714285,0.0,7.428571428571429,0.0,0.0,0.0,0.0,0.0,0.0,0.0,0.0,0.0,0.42857142857142855,0.2857142857142857,38.714285714285715,0.0,0.0,1.0,0.0,0.0,0.0,1.0,246
2016-09-25,0.0,0.0,10.0,0.0,0.0,8.0,0.0,0.0,0.0,0.0,0.0,0.0,0.0,0.0,0.0,0.0,0.0,39.0,0.0,0.0,1.0,0.0,0.0,0.0,1.0,247
2016-10-02,0.0,0.0,10.0,0.0,0.0,8.0,0.0,0.0,0.0,0.0,0.0,0.0,0.0,0.0,0.0,0.0,0.0,39.0,0.0,0.0,1.0,0.0,0.0,0.0,1.0,248
2016-10-09,0.0,0.14285714285714285,9.285714285714286,0.14285714285714285,0.0,8.714285714285714,0.0,0.0,0.0,0.0,0.0,0.0,0.0,0.0,0.0,0.0,0.0,39.0,0.0,0.0,1.0,0.0,0.0,0.0,1.0,249
2016-10-16,0.0,0.0,9.0,0.0,0.14285714285714285,8.714285714285714,0.0,0.0,0.0,0.0,0.0,0.0,0.0,0.0,0.0,0.0,0.0,39.0,0.0,0.0,1.0,0.0,0.0,0.0,1.0,250
2016-10-23,0.0,0.0,9.0,0.0,0.0,8.0,0.0,0.0,0.0,0.0,0.0,0.0,0.0,0.0,0.0,0.14285714285714285,0.0,39.57142857142857,0.0,0.0,1.0,0.0,0.0,0.0,1.0,251
2016-10-30,0.0,0.0,9.0,0.0,0.2857142857142857,6.142857142857143,0.0,0.0,0.0,0.0,0.0,0.0,0.0,0.0,0.0,0.0,0.0,40.0,0.0,0.0,1.0,0.0,0.0,0.0,1.0,252
2016-11-06,0.0,0.0,9.0,0.0,0.0,6.0,0.0,0.0,0.0,0.0,0.0,0.0,0.0,0.0,0.0,0.14285714285714285,0.14285714285714285,40.0,0.0,0.0,1.0,0.0,0.0,0.0,1.0,253
2016-11-13,0.0,0.0,9.0,0.14285714285714285,0.0,6.714285714285714,0.0,0.0,0.0,0.0,0.0,0.0,0.0,0.0,0.0,0.0,0.0,40.0,0.0,0.0,1.0,0.0,0.0,0.0,1.0,254
2016-11-20,0.0,0.14285714285714285,8.285714285714286,0.14285714285714285,0.0,8.0,0.0,0.0,0.0,0.0,0.0,0.0,0.0,0.0,0.0,0.0,0.0,40.0,0.0,0.0,1.0,0.0,0.0,0.0,1.0,255
2016-11-27,0.0,0.0,8.0,0.0,0.0,8.0,0.0,0.0,0.0,0.0,0.0,0.0,0.0,0.0,0.0,0.0,0.0,40.0,0.0,0.0,1.0,0.0,0.0,0.0,1.0,256
2016-12-04,0.0,0.0,8.0,0.0,0.14285714285714285,7.428571428571429,0.0,0.0,0.0,0.0,0.0,0.0,0.0,0.0,0.0,0.14285714285714285,0.14285714285714285,40.0,0.0,0.0,1.0,0.0,0.0,0.0,1.0,257
2016-12-11,0.0,0.0,8.0,0.0,0.0,7.0,0.0,0.0,0.0,0.0,0.0,0.0,0.0,0.0,0.0,0.14285714285714285,0.14285714285714285,40.285714285714285,0.0,0.0,1.0,0.0,0.0,0.0,1.0,258
2016-12-18,0.0,0.0,8.0,0.0,0.0,7.0,0.0,0.0,0.0,0.0,0.0,0.0,0.0,0.0,0.0,0.14285714285714285,0.14285714285714285,39.714285714285715,0.0,0.0,1.0,0.0,0.0,0.0,1.0,259
2016-12-25,0.0,0.0,8.0,0.0,0.0,7.0,0.0,0.0,0.0,0.0,0.0,0.0,0.0,0.0,0.0,0.0,0.0,40.0,0.0,0.0,1.0,0.0,0.0,0.0,1.0,260
2017-01-01,0.0,0.0,8.0,0.0,0.0,7.0,0.0,0.0,0.0,0.0,0.0,0.0,0.0,0.0,0.0,0.14285714285714285,0.14285714285714285,39.857142857142854,0.0,0.0,1.0,0.0,0.0,0.0,1.0,261
2017-01-08,0.0,0.0,8.0,0.0,0.0,7.0,0.0,0.0,0.0,0.0,0.0,0.0,0.0,0.0,0.0,0.2857142857142857,0.0,41.285714285714285,0.0,0.0,1.0,0.0,0.0,0.0,1.0,262
2017-01-15,0.0,0.0,8.0,0.0,0.0,7.0,0.0,0.0,0.0,0.0,0.0,0.0,0.0,0.0,0.0,0.42857142857142855,0.0,44.0,0.0,0.0,1.0,0.0,0.0,0.0,1.0,263
2017-01-22,0.0,0.0,8.0,0.0,0.0,7.0,0.0,0.0,0.0,0.0,0.0,0.0,0.0,0.0,0.0,0.0,0.14285714285714285,44.285714285714285,0.0,0.0,1.0,0.0,0.0,0.0,1.0,264
2017-01-29,0.14285714285714285,0.14285714285714285,8.0,0.14285714285714285,0.0,7.571428571428571,0.0,0.0,0.0,0.0,0.0,0.0,0.0,0.0,0.0,0.14285714285714285,0.14285714285714285,43.857142857142854,0.0,0.0,1.0,0.0,0.0,0.0,1.0,265
2017-02-05,0.14285714285714285,0.0,8.428571428571429,0.0,0.0,8.0,0.0,0.0,0.0,0.0,0.0,0.0,0.0,0.0,0.0,0.0,0.14285714285714285,43.0,0.0,0.0,1.0,0.0,0.0,0.0,1.0,266
2017-02-12,0.0,0.0,9.0,0.0,0.0,8.0,0.0,0.0,0.0,0.0,0.0,0.0,0.0,0.0,0.0,0.0,0.14285714285714285,42.42857142857143,0.0,0.0,1.0,0.0,0.0,0.0,1.0,267
2017-02-19,0.0,0.0,9.0,0.0,0.0,8.0,0.0,0.0,0.0,0.0,0.0,0.0,0.0,0.0,0.0,0.0,0.0,42.0,0.0,0.0,1.0,0.0,0.0,0.0,1.0,268
2017-02-26,0.0,0.0,9.0,0.0,0.0,8.0,0.0,0.0,0.0,0.0,0.0,0.0,0.0,0.0,0.0,0.0,0.14285714285714285,41.42857142857143,0.0,0.0,1.0,0.0,0.0,0.0,1.0,269
2017-03-05,0.0,0.0,9.0,0.14285714285714285,0.0,8.428571428571429,0.0,0.0,0.0,0.0,0.0,0.0,0.0,0.0,0.0,0.14285714285714285,0.14285714285714285,41.285714285714285,0.0,0.0,1.0,0.0,0.0,0.0,1.0,270
2017-03-12,0.0,0.14285714285714285,8.0,0.0,0.0,9.0,0.0,0.0,0.0,0.0,0.0,0.0,0.0,0.0,0.0,0.0,0.0,41.0,0.0,0.0,1.0,0.0,0.0,0.0,1.0,271
2017-03-19,0.0,0.0,8.0,0.0,0.0,9.0,0.0,0.0,0.0,0.0,0.0,0.0,0.0,0.0,0.0,0.14285714285714285,0.0,41.42857142857143,0.0,0.0,1.0,0.0,0.0,0.0,1.0,272
2017-03-26,0.14285714285714285,0.0,8.714285714285714,0.0,0.0,9.0,0.0,0.0,0.0,0.0,0.0,0.0,0.0,0.0,0.0,0.0,0.0,42.0,0.0,0.0,1.0,0.0,0.0,0.0,1.0,273
2017-04-02,0.0,0.0,9.0,0.0,0.0,9.0,0.0,0.0,0.0,0.0,0.0,0.0,0.0,0.0,0.0,0.0,0.0,42.0,0.0,0.0,1.0,0.0,0.0,0.0,1.0,274
2017-04-09,0.0,0.0,9.0,0.0,0.0,9.0,0.0,0.0,0.0,0.0,0.0,0.0,0.0,0.0,0.0,0.14285714285714285,0.2857142857142857,41.57142857142857,0.0,0.0,1.0,0.0,0.0,0.0,1.0,275
2017-04-16,0.0,0.0,9.0,0.0,0.0,9.0,0.0,0.0,0.0,0.0,0.0,0.0,0.0,0.0,0.0,0.0,0.0,41.0,0.0,0.0,1.0,0.0,0.0,0.0,1.0,276
2017-04-23,0.0,0.0,9.0,0.0,0.0,9.0,0.0,0.0,0.0,0.0,0.0,0.0,0.0,0.0,0.0,0.14285714285714285,0.14285714285714285,40.714285714285715,0.0,0.0,1.0,0.0,0.0,0.0,1.0,277
2017-04-30,0.0,0.0,9.0,0.0,0.0,9.0,0.0,0.0,0.0,0.0,0.0,0.0,0.0,0.0,0.0,0.14285714285714285,0.14285714285714285,41.142857142857146,0.0,0.0,1.0,0.0,0.0,0.0,1.0,278
2017-05-07,0.0,0.0,9.0,0.0,0.0,9.0,0.0,0.0,0.0,0.0,0.0,0.0,0.0,0.0,0.0,0.14285714285714285,0.14285714285714285,41.0,0.0,0.0,1.0,0.0,0.0,0.0,1.0,279
2017-05-14,0.14285714285714285,0.0,9.428571428571429,0.0,0.0,9.0,0.0,0.0,0.0,0.0,0.0,0.0,0.0,0.0,0.0,0.14285714285714285,0.0,41.857142857142854,0.0,0.0,1.0,0.0,0.0,0.0,1.0,280
2017-05-21,0.0,0.0,10.0,0.0,0.2857142857142857,7.857142857142857,0.0,0.0,0.0,0.0,0.0,0.0,0.0,0.0,0.0,0.14285714285714285,0.0,43.0,0.0,0.0,1.0,0.0,0.0,0.0,1.0,281
2017-05-28,0.14285714285714285,0.14285714285714285,10.0,0.0,0.0,7.0,0.0,0.0,0.0,0.0,0.0,0.0,0.0,0.0,0.0,0.0,0.14285714285714285,42.42857142857143,0.0,0.0,1.0,0.0,0.0,0.0,1.0,282
2017-06-04,0.0,0.0,10.0,0.0,0.0,7.0,0.0,0.0,0.0,0.0,0.0,0.0,0.0,0.0,0.0,0.0,0.0,42.0,0.0,0.0,1.0,0.0,0.0,0.0,1.0,283
2017-06-11,0.0,0.14285714285714285,9.0,0.0,0.0,7.0,0.0,0.0,0.0,0.0,0.0,0.0,0.0,0.0,0.0,0.0,0.0,42.0,0.0,0.0,1.0,0.0,0.0,0.0,1.0,284
2017-06-18,0.0,0.0,9.0,0.0,0.0,7.0,0.0,0.0,0.0,0.0,0.0,0.0,0.0,0.0,0.0,0.0,0.0,42.0,0.0,0.0,1.0,0.0,0.0,0.0,1.0,285
2017-06-25,0.0,0.0,9.0,0.0,0.0,7.0,0.0,0.0,0.0,0.0,0.0,0.0,0.0,0.0,0.0,0.0,0.14285714285714285,41.57142857142857,0.0,0.0,1.0,0.0,0.0,0.0,1.0,286
2017-07-02,0.14285714285714285,0.0,9.857142857142858,0.0,0.0,7.0,0.0,0.0,0.0,0.0,0.0,0.0,0.0,0.0,0.0,0.0,0.0,41.0,0.0,0.0,1.0,0.0,0.0,0.0,1.0,287
2017-07-09,0.0,0.0,10.0,0.0,0.0,7.0,0.0,0.0,0.0,0.0,0.0,0.0,0.0,0.0,0.0,0.14285714285714285,0.14285714285714285,41.0,0.0,0.0,1.0,0.0,0.0,0.0,1.0,288
2017-07-16,0.14285714285714285,0.0,10.857142857142858,0.0,0.0,7.0,0.0,0.0,0.0,0.0,0.0,0.0,0.0,0.0,0.0,0.0,0.14285714285714285,40.42857142857143,0.0,0.0,1.0,0.0,0.0,0.0,1.0,289
2017-07-23,0.0,0.0,11.0,0.0,0.0,7.0,0.0,0.0,0.0,0.0,0.0,0.0,0.0,0.0,0.0,0.0,0.2857142857142857,38.714285714285715,0.0,0.0,1.0,0.0,0.0,0.0,1.0,290
2017-07-30,0.0,0.0,11.0,0.0,0.0,7.0,0.0,0.0,0.0,0.0,0.0,0.0,0.0,0.0,0.0,0.14285714285714285,0.0,38.857142857142854,0.0,0.0,1.0,0.0,0.0,0.0,1.0,291
2017-08-06,0.0,0.14285714285714285,10.0,0.0,0.0,7.0,0.0,0.0,0.0,0.0,0.0,0.0,0.0,0.0,0.0,0.0,0.0,39.0,0.0,0.0,1.0,0.0,0.0,0.0,1.0,292
2017-08-13,0.0,0.0,10.0,0.0,0.0,7.0,0.0,0.0,0.0,0.0,0.0,0.0,0.0,0.0,0.0,0.0,0.0,39.0,0.0,0.0,1.0,0.0,0.0,0.0,1.0,293
2017-08-20,0.0,0.0,10.0,0.0,0.0,7.0,0.0,0.0,0.0,0.0,0.0,0.0,0.0,0.0,0.0,0.14285714285714285,0.0,39.857142857142854,0.0,0.0,1.0,0.0,0.0,0.0,1.0,294
2017-08-27,0.0,0.0,10.0,0.0,0.0,7.0,0.0,0.0,0.0,0.0,0.0,0.0,0.0,0.0,0.0,0.0,0.0,40.0,0.0,0.0,1.0,0.0,0.0,0.0,1.0,295
2017-09-03,0.0,0.0,10.0,0.0,0.0,7.0,0.0,0.0,0.0,0.0,0.0,0.0,0.0,0.0,0.0,0.14285714285714285,0.14285714285714285,40.0,0.0,0.0,1.0,0.0,0.0,0.0,1.0,296
2017-09-10,0.0,0.0,10.0,0.0,0.0,7.0,0.0,0.0,0.0,0.0,0.0,0.0,0.0,0.0,0.0,0.0,0.14285714285714285,39.142857142857146,0.0,0.0,1.0,0.0,0.0,0.0,1.0,297
2017-09-17,0.0,0.14285714285714285,9.285714285714286,0.0,0.0,7.0,0.0,0.0,0.0,0.0,0.0,0.0,0.0,0.0,0.0,0.0,0.0,39.0,0.0,0.0,1.0,0.0,0.0,0.0,1.0,298
2017-09-24,0.0,0.0,9.0,0.0,0.0,7.0,0.0,0.0,0.0,0.0,0.0,0.0,0.0,0.0,0.0,0.0,0.2857142857142857,37.57142857142857,0.0,0.0,1.0,0.0,0.0,0.0,1.0,299
2017-10-01,0.0,0.0,9.0,0.0,0.0,7.0,0.0,0.0,0.0,0.0,0.0,0.0,0.0,0.0,0.0,0.14285714285714285,0.2857142857142857,36.857142857142854,0.0,0.0,1.0,0.0,0.0,0.0,1.0,300
2017-10-08,0.14285714285714285,0.0,9.857142857142858,0.0,0.0,7.0,0.0,0.0,0.0,0.0,0.0,0.0,0.0,0.0,0.0,0.0,0.14285714285714285,35.42857142857143,0.0,0.0,1.0,0.0,0.0,0.0,1.0,301
2017-10-15,0.0,0.0,10.0,0.0,0.0,7.0,0.0,0.0,0.0,0.0,0.0,0.0,0.0,0.0,0.0,0.0,0.0,35.0,0.0,0.0,1.0,0.0,0.0,0.0,1.0,302
2017-10-22,0.0,0.0,10.0,0.0,0.0,7.0,0.0,0.0,0.0,0.0,0.0,0.0,0.0,0.0,0.0,0.0,0.0,35.0,0.0,0.0,1.0,0.0,0.0,0.0,1.0,303
2017-10-29,0.0,0.0,10.0,0.0,0.14285714285714285,6.285714285714286,0.0,0.0,0.0,0.0,0.0,0.0,0.0,0.0,0.0,0.14285714285714285,0.42857142857142855,33.714285714285715,0.0,0.0,1.0,0.0,0.0,0.0,1.0,304
2017-11-05,0.0,0.0,10.0,0.0,0.0,6.0,0.0,0.0,0.0,0.0,0.0,0.0,0.0,0.0,0.0,0.0,0.14285714285714285,32.285714285714285,0.0,0.0,1.0,0.0,0.0,0.0,1.0,305
2017-11-12,0.0,0.0,10.0,0.14285714285714285,0.0,6.714285714285714,0.0,0.0,0.0,0.0,0.0,0.0,0.0,0.0,0.0,0.14285714285714285,0.0,33.0,0.0,0.0,1.0,0.0,0.0,0.0,1.0,306
2017-11-19,0.0,0.0,10.0,0.0,0.0,7.0,0.0,0.0,0.0,0.0,0.0,0.0,0.0,0.0,0.0,0.0,0.0,33.0,0.0,0.0,1.0,0.0,0.0,0.0,1.0,307
2017-11-26,0.0,0.0,10.0,0.0,0.0,7.0,0.0,0.0,0.0,0.0,0.0,0.0,0.0,0.0,0.0,0.14285714285714285,0.0,33.857142857142854,0.0,0.0,1.0,0.0,0.0,0.0,1.0,308
2017-12-03,0.0,0.0,10.0,0.0,0.0,7.0,0.0,0.0,0.0,0.0,0.0,0.0,0.0,0.0,0.0,0.0,0.14285714285714285,33.285714285714285,0.0,0.0,1.0,0.0,0.0,0.0,1.0,309
2017-12-10,0.0,0.0,10.0,0.0,0.0,7.0,0.0,0.0,0.0,0.0,0.0,0.0,0.0,0.0,0.0,0.0,0.14285714285714285,32.42857142857143,0.0,0.0,1.0,0.0,0.0,0.0,1.0,310
2017-12-17,0.0,0.14285714285714285,9.571428571428571,0.14285714285714285,0.0,7.857142857142857,0.0,0.0,0.0,0.0,0.0,0.0,0.0,0.0,0.0,0.0,0.14285714285714285,31.571428571428573,0.0,0.0,1.0,0.0,0.0,0.0,1.0,311
2017-12-24,0.0,0.0,9.0,0.14285714285714285,0.0,8.571428571428571,0.0,0.0,0.0,0.0,0.0,0.0,0.0,0.0,0.0,0.0,0.14285714285714285,30.285714285714285,0.0,0.0,1.0,0.0,0.0,0.0,1.0,312
2017-12-31,0.0,0.0,9.0,0.0,0.0,9.0,0.0,0.0,0.0,0.0,0.0,0.0,0.0,0.0,0.0,0.0,0.0,30.0,0.0,0.0,1.0,0.0,0.0,0.0,1.0,313
2018-01-07,0.0,0.0,9.0,0.0,0.14285714285714285,8.571428571428571,0.0,0.0,0.0,0.0,0.0,0.0,0.0,0.0,0.0,0.14285714285714285,0.14285714285714285,30.142857142857142,0.0,0.0,1.0,0.0,0.0,0.0,1.0,314
2018-01-14,0.0,0.0,9.0,0.0,0.0,8.0,0.0,0.0,0.0,0.0,0.0,0.0,0.0,0.0,0.0,0.0,0.14285714285714285,29.285714285714285,0.0,0.0,1.0,0.0,0.0,0.0,1.0,315
2018-01-21,0.0,0.0,9.0,0.14285714285714285,0.0,8.571428571428571,0.0,0.0,0.0,0.0,0.0,0.0,0.0,0.0,0.0,0.0,0.14285714285714285,28.571428571428573,0.0,0.0,1.0,0.0,0.0,0.0,1.0,316
2018-01-28,0.0,0.0,9.0,0.0,0.14285714285714285,8.428571428571429,0.0,0.0,0.0,0.0,0.0,0.0,0.0,0.0,0.0,0.2857142857142857,0.14285714285714285,28.571428571428573,0.0,0.0,1.0,0.0,0.0,0.0,1.0,317
2018-02-04,0.0,0.0,9.0,0.0,0.0,8.0,0.0,0.0,0.0,0.0,0.0,0.0,0.0,0.0,0.0,0.0,0.14285714285714285,28.142857142857142,0.0,0.0,1.0,0.0,0.0,0.0,1.0,318
2018-02-11,0.0,0.14285714285714285,8.285714285714286,0.0,0.0,8.0,0.0,0.0,0.0,0.0,0.0,0.0,0.0,0.0,0.0,0.0,0.0,28.0,0.0,0.0,1.0,0.0,0.0,0.0,1.0,319
2018-02-18,0.14285714285714285,0.0,8.857142857142858,0.0,0.0,8.0,0.0,0.0,0.0,0.0,0.0,0.0,0.0,0.0,0.0,0.0,0.14285714285714285,27.571428571428573,0.0,0.0,1.0,0.0,0.0,0.0,1.0,320
2018-02-25,0.0,0.0,9.0,0.0,0.0,8.0,0.0,0.0,0.0,0.0,0.0,0.0,0.0,0.0,0.0,0.0,0.0,27.0,0.0,0.0,1.0,0.0,0.0,0.0,1.0,321
2018-03-04,0.0,0.0,9.0,0.14285714285714285,0.0,8.714285714285714,0.0,0.0,0.0,0.0,0.0,0.0,0.0,0.0,0.0,0.0,0.0,27.0,0.0,0.0,1.0,0.0,0.0,0.0,1.0,322
2018-03-11,0.0,0.14285714285714285,8.571428571428571,0.0,0.0,9.0,0.0,0.0,0.0,0.0,0.0,0.0,0.0,0.0,0.0,0.14285714285714285,0.0,27.571428571428573,0.0,0.0,1.0,0.0,0.0,0.0,1.0,323
2018-03-18,0.0,0.0,8.0,0.0,0.14285714285714285,8.142857142857142,0.0,0.0,0.0,0.0,0.0,0.0,0.0,0.0,0.0,0.14285714285714285,0.0,29.0,0.0,0.0,1.0,0.0,0.0,0.0,1.0,324
2018-03-25,0.14285714285714285,0.0,8.571428571428571,0.0,0.0,8.0,0.0,0.0,0.0,0.0,0.0,0.0,0.0,0.0,0.0,0.0,0.0,29.0,0.0,0.0,1.0,0.0,0.0,0.0,1.0,325
2018-04-01,0.0,0.0,9.0,0.0,0.0,8.0,0.0,0.0,0.0,0.0,0.0,0.0,0.0,0.0,0.0,0.0,0.0,29.0,0.0,0.0,1.0,0.0,0.0,0.0,1.0,326
2018-04-08,0.0,0.0,9.0,0.0,0.0,8.0,0.0,0.0,0.0,0.0,0.0,0.0,0.0,0.0,0.0,0.0,0.0,29.0,0.0,0.0,1.0,0.0,0.0,0.0,1.0,327
2018-04-15,0.0,0.0,9.0,0.0,0.0,8.0,0.0,0.0,0.0,0.0,0.0,0.0,0.0,0.0,0.0,0.0,0.0,29.0,0.0,0.0,1.0,0.0,0.0,0.0,1.0,328
2018-04-22,0.0,0.0,9.0,0.0,0.0,8.0,0.0,0.0,0.0,0.0,0.0,0.0,0.0,0.0,0.0,0.0,0.0,29.0,0.0,0.0,1.0,0.0,0.0,0.0,1.0,329
2018-04-29,0.0,0.0,9.0,0.0,0.14285714285714285,7.571428571428571,0.0,0.0,0.0,0.0,0.0,0.0,0.0,0.0,0.0,0.0,0.0,29.0,0.0,0.0,1.0,0.0,0.0,0.0,1.0,330
2018-05-06,0.0,0.14285714285714285,8.0,0.0,0.0,7.0,0.0,0.0,0.0,0.0,0.0,0.0,0.0,0.0,0.0,0.0,0.0,29.0,0.0,0.0,1.0,0.0,0.0,0.0,1.0,331
2018-05-13,0.0,0.0,8.0,0.0,0.0,7.0,0.0,0.0,0.0,0.0,0.0,0.0,0.0,0.0,0.0,0.0,0.14285714285714285,28.285714285714285,0.0,0.14285714285714285,0.0,0.0,0.0,0.0,0.0,332
2018-05-20,0.0,0.0,8.0,0.0,0.0,7.0,0.0,0.0,0.0,0.0,0.0,0.0,0.0,0.0,0.0,0.0,0.2857142857142857,26.142857142857142,0.0,0.0,0.0,0.0,0.0,0.0,0.0,333
2018-05-27,0.0,0.0,8.0,0.0,0.0,7.0,0.0,0.0,0.0,0.0,0.0,0.0,0.0,0.0,0.0,0.14285714285714285,0.0,27.0,0.0,0.0,0.0,0.0,0.0,0.0,0.0,334
2018-06-03,0.0,0.0,8.0,0.0,0.0,7.0,0.0,0.0,0.0,0.0,0.0,0.0,0.0,0.0,0.0,0.0,0.14285714285714285,26.285714285714285,0.0,0.0,0.0,0.0,0.0,0.0,0.0,335
2018-06-10,0.14285714285714285,0.14285714285714285,8.428571428571429,0.0,0.0,7.0,0.0,0.0,0.0,0.0,0.0,0.0,0.0,0.0,0.0,0.0,0.0,26.0,0.0,0.0,0.0,0.0,0.0,0.0,0.0,336
2018-06-17,0.0,0.0,8.0,0.14285714285714285,0.0,7.428571428571429,0.0,0.0,0.0,0.0,0.0,0.0,0.0,0.0,0.0,0.0,0.0,26.0,0.0,0.0,0.0,0.0,0.0,0.0,0.0,337
2018-06-24,0.0,0.0,8.0,0.0,0.0,8.0,0.0,0.0,0.0,0.0,0.0,0.0,0.0,0.0,0.0,0.0,0.2857142857142857,24.571428571428573,0.0,0.0,0.0,0.0,0.0,0.0,0.0,338
2018-07-01,0.0,0.0,8.0,0.14285714285714285,0.0,8.714285714285714,0.0,0.0,0.0,0.0,0.0,0.0,0.0,0.0,0.0,0.14285714285714285,0.0,24.428571428571427,0.0,0.0,0.0,0.0,0.0,0.0,0.0,339
2018-07-08,0.0,0.0,8.0,0.0,0.0,9.0,0.0,0.0,0.0,0.0,0.0,0.0,0.0,0.0,0.0,0.0,0.0,25.0,0.0,0.0,0.0,0.0,0.0,0.0,0.0,340
2018-07-15,0.0,0.0,8.0,0.0,0.0,9.0,0.0,0.0,0.0,0.0,0.0,0.0,0.0,0.0,0.0,0.0,0.0,25.0,0.0,0.0,0.0,0.0,0.0,0.0,0.0,341
2018-07-22,0.0,0.0,8.0,0.0,0.0,9.0,0.0,0.0,0.0,0.0,0.0,0.0,0.0,0.0,0.0,0.0,0.0,25.0,0.0,0.0,0.0,0.0,0.0,0.0,0.0,342
2018-07-29,0.0,0.0,8.0,0.0,0.0,9.0,0.0,0.0,0.0,0.0,0.0,0.0,0.0,0.0,0.0,0.0,0.14285714285714285,24.571428571428573,0.0,0.0,0.0,0.0,0.0,0.0,0.0,343
2018-08-05,0.0,0.0,8.0,0.0,0.0,9.0,0.0,0.0,0.0,0.0,0.0,0.0,0.0,0.0,0.0,0.0,0.0,24.0,0.0,0.0,0.0,0.0,0.0,0.0,0.0,344
2018-08-12,0.0,0.0,8.0,0.0,0.0,9.0,0.0,0.0,0.0,0.0,0.0,0.0,0.0,0.0,0.0,0.0,0.14285714285714285,23.428571428571427,0.0,0.0,0.0,0.0,0.0,0.0,0.0,345
2018-08-19,0.0,0.0,8.0,0.0,0.0,9.0,0.0,0.0,0.0,0.0,0.0,0.0,0.0,0.0,0.0,0.0,0.0,23.0,0.0,0.0,0.0,0.0,0.0,0.0,0.0,346
2018-08-26,0.0,0.0,8.0,0.0,0.0,9.0,0.0,0.0,0.0,0.0,0.0,0.0,0.0,0.0,0.0,0.14285714285714285,0.14285714285714285,23.0,0.0,0.0,0.0,0.0,0.0,0.0,0.0,347
2018-09-02,0.0,0.0,8.0,0.0,0.0,9.0,0.0,0.0,0.0,0.0,0.0,0.0,0.0,0.0,0.0,0.0,0.14285714285714285,22.571428571428573,0.0,0.0,0.0,0.0,0.0,0.0,0.0,348
2018-09-09,0.0,0.0,8.0,0.14285714285714285,0.0,9.571428571428571,0.0,0.0,0.0,0.0,0.0,0.0,0.0,0.0,0.0,0.0,0.0,22.0,0.0,0.0,0.0,0.0,0.0,0.0,0.0,349
2018-09-16,0.0,0.2857142857142857,6.142857142857143,0.0,0.0,10.0,0.0,0.0,0.0,0.0,0.0,0.0,0.0,0.0,0.0,0.14285714285714285,0.14285714285714285,22.0,0.0,0.0,0.0,0.0,0.0,0.0,0.0,350
2018-09-23,0.14285714285714285,0.0,7.0,0.0,0.0,10.0,0.0,0.0,0.0,0.0,0.0,0.0,0.0,0.0,0.0,0.0,0.0,22.0,0.0,0.0,0.0,0.0,0.0,0.0,0.0,351
2018-09-30,0.14285714285714285,0.0,7.857142857142857,0.0,0.0,10.0,0.0,0.0,0.0,0.0,0.0,0.0,0.0,0.0,0.0,0.0,0.14285714285714285,21.571428571428573,0.0,0.0,0.0,0.0,0.0,0.0,0.0,352
2018-10-07,0.0,0.0,8.0,0.0,0.0,10.0,0.0,0.0,0.0,0.0,0.0,0.0,0.0,0.0,0.0,0.0,0.0,21.0,0.0,0.0,0.0,0.0,0.0,0.0,0.0,353
2018-10-14,0.0,0.0,8.0,0.0,0.0,10.0,0.0,0.0,0.0,0.0,0.0,0.0,0.0,0.0,0.0,0.0,0.0,21.0,0.0,0.0,0.0,0.0,0.0,0.0,0.0,354
2018-10-21,0.0,0.0,8.0,0.0,0.0,10.0,0.0,0.0,0.0,0.0,0.0,0.0,0.0,0.0,0.0,0.14285714285714285,0.0,21.857142857142858,0.0,0.0,0.0,0.0,0.0,0.0,0.0,355
2018-10-28,0.0,0.0,8.0,0.0,0.0,10.0,0.0,0.0,0.0,0.0,0.0,0.0,0.0,0.0,0.0,0.0,0.2857142857142857,21.0,0.0,0.0,0.0,0.0,0.0,0.0,0.0,356
2018-11-04,0.0,0.0,8.0,0.14285714285714285,0.14285714285714285,10.0,0.0,0.0,0.0,0.0,0.0,0.0,0.0,0.0,0.0,0.0,0.0,20.0,0.0,0.0,0.0,0.0,0.0,0.0,0.0,357
2018-11-11,0.0,0.0,8.0,0.0,0.14285714285714285,9.428571428571429,0.0,0.0,0.0,0.0,0.0,0.0,0.0,0.0,0.0,0.42857142857142855,0.0,22.0,0.0,0.0,0.0,0.0,0.0,0.0,0.0,358
2018-11-18,0.0,0.0,8.0,0.0,0.0,9.0,0.0,0.0,0.0,0.0,0.0,0.0,0.0,0.0,0.0,0.2857142857142857,0.0,24.428571428571427,0.0,0.0,0.0,0.0,0.0,0.0,0.0,359
2018-11-25,0.0,0.0,8.0,0.0,0.0,9.0,0.0,0.0,0.0,0.0,0.0,0.0,0.0,0.0,0.0,0.0,0.0,25.0,0.0,0.0,0.0,0.0,0.0,0.0,0.0,360
2018-12-02,0.14285714285714285,0.0,8.857142857142858,0.0,0.14285714285714285,8.571428571428571,0.0,0.0,0.0,0.0,0.0,0.0,0.0,0.0,0.0,0.0,0.0,25.0,0.0,0.0,0.0,0.0,0.0,0.0,0.0,361
2018-12-09,0.0,0.0,9.0,0.0,0.0,8.0,0.0,0.0,0.0,0.0,0.0,0.0,0.0,0.0,0.0,0.0,0.14285714285714285,24.571428571428573,0.0,0.0,0.0,0.0,0.0,0.0,0.0,362
2018-12-16,0.0,0.0,9.0,0.0,0.0,8.0,0.0,0.0,0.0,0.0,0.0,0.0,0.0,0.0,0.0,0.0,0.14285714285714285,23.428571428571427,0.0,0.0,0.0,0.0,0.0,0.0,0.0,363
2018-12-23,0.0,0.0,9.0,0.0,0.0,8.0,0.0,0.0,0.0,0.0,0.0,0.0,0.0,0.0,0.0,0.0,0.0,23.0,0.0,0.0,0.0,0.0,0.0,0.0,0.0,364
2018-12-30,0.0,0.0,9.0,0.14285714285714285,0.0,8.571428571428571,0.0,0.0,0.0,0.0,0.0,0.0,0.0,0.0,0.0,0.0,0.0,23.0,0.0,0.0,0.0,0.0,0.0,0.0,0.0,365
2019-01-06,0.0,0.0,9.0,0.14285714285714285,0.0,9.571428571428571,0.0,0.0,0.0,0.0,0.0,0.0,0.0,0.0,0.0,0.0,0.14285714285714285,22.428571428571427,0.0,0.0,0.0,0.0,0.0,0.0,0.0,366
2019-01-13,0.0,0.14285714285714285,8.0,0.0,0.2857142857142857,8.285714285714286,0.0,0.0,0.0,0.0,0.0,0.0,0.0,0.0,0.0,0.14285714285714285,0.14285714285714285,22.285714285714285,0.0,0.0,0.0,0.0,0.0,0.0,0.0,367
2019-01-20,0.0,0.0,8.0,0.0,0.14285714285714285,7.428571428571429,0.0,0.0,0.0,0.0,0.0,0.0,0.0,0.0,0.0,0.14285714285714285,0.0,22.857142857142858,0.0,0.0,0.0,0.0,0.0,0.0,0.0,368
2019-01-27,0.0,0.0,8.0,0.0,0.0,7.0,0.0,0.0,0.0,0.0,0.0,0.0,0.0,0.0,0.0,0.14285714285714285,0.0,23.571428571428573,0.0,0.0,0.0,0.0,0.0,0.0,0.0,369
2019-02-03,0.0,0.14285714285714285,7.571428571428571,0.0,0.0,7.0,0.0,0.0,0.0,0.0,0.0,0.0,0.0,0.0,0.0,0.0,0.0,24.0,0.0,0.0,0.0,0.0,0.0,0.0,0.0,370
2019-02-10,0.0,0.14285714285714285,6.428571428571429,0.14285714285714285,0.0,7.571428571428571,0.0,0.0,0.0,0.0,0.0,0.0,0.0,0.0,0.0,0.14285714285714285,0.0,24.571428571428573,0.0,0.0,0.0,0.0,0.0,0.0,0.0,371
2019-02-17,0.0,0.0,6.0,0.0,0.0,8.0,0.0,0.0,0.0,0.0,0.0,0.0,0.0,0.0,0.0,0.14285714285714285,0.14285714285714285,25.142857142857142,0.0,0.0,0.0,0.0,0.0,0.0,0.0,372
2019-02-24,0.0,0.0,6.0,0.0,0.0,8.0,0.0,0.0,0.0,0.0,0.0,0.0,0.0,0.0,0.0,0.0,0.14285714285714285,24.142857142857142,0.0,0.0,0.0,0.0,0.0,0.0,0.0,373
2019-03-03,0.0,0.0,6.0,0.0,0.0,8.0,0.0,0.0,0.0,0.0,0.0,0.0,0.0,0.0,0.0,0.0,0.0,24.0,0.0,0.0,0.0,0.0,0.0,0.0,0.0,374
2019-03-10,0.0,0.0,6.0,0.0,0.0,8.0,0.0,0.0,0.0,0.0,0.0,0.0,0.0,0.0,0.0,0.0,0.0,24.0,0.0,0.0,0.0,0.0,0.0,0.0,0.0,375
2019-03-17,0.0,0.0,6.0,0.14285714285714285,0.0,8.571428571428571,0.0,0.0,0.0,0.0,0.0,0.0,0.0,0.0,0.0,0.0,0.0,24.0,0.0,0.0,0.0,0.0,0.0,0.0,0.0,376
2019-03-24,0.0,0.0,6.0,0.2857142857142857,0.0,10.142857142857142,0.0,0.0,0.0,0.0,0.0,0.0,0.0,0.0,0.0,0.0,0.14285714285714285,23.285714285714285,0.0,0.0,0.0,0.0,0.0,0.0,0.0,377
2019-03-31,0.0,0.0,6.0,0.0,0.0,11.0,0.0,0.0,0.0,0.0,0.0,0.0,0.0,0.0,0.0,0.0,0.0,23.0,0.0,0.0,0.0,0.0,0.0,0.0,0.0,378
2019-04-07,0.0,0.0,6.0,0.0,0.0,11.0,0.0,0.0,0.0,0.0,0.0,0.0,0.0,0.0,0.0,0.2857142857142857,0.14285714285714285,23.714285714285715,0.0,0.0,0.0,0.0,0.0,0.0,0.0,379
2019-04-14,0.0,0.0,6.0,0.0,0.0,11.0,0.0,0.0,0.0,0.0,0.0,0.0,0.0,0.0,0.0,0.2857142857142857,0.0,25.285714285714285,0.0,0.0,0.0,0.0,0.0,0.0,0.0,380
2019-04-21,0.0,0.0,6.0,0.0,0.0,11.0,0.0,0.0,0.0,0.0,0.0,0.0,0.0,0.0,0.0,0.2857142857142857,0.0,28.0,0.0,0.0,0.0,0.0,0.0,0.0,0.0,381
2019-04-28,0.14285714285714285,0.0,7.0,0.0,0.0,11.0,0.0,0.0,0.0,0.0,0.0,0.0,0.0,0.0,0.0,0.0,0.0,28.0,0.0,0.0,0.0,0.0,0.0,0.0,0.0,382
2019-05-05,0.0,0.0,7.0,0.0,0.0,11.0,0.0,0.0,0.0,0.0,0.0,0.0,0.0,0.0,0.0,0.0,0.0,28.0,0.0,0.0,0.0,0.0,0.0,0.0,0.0,383
2019-05-12,0.0,0.14285714285714285,6.0,0.0,0.2857142857142857,9.428571428571429,0.0,0.0,0.0,0.0,0.0,0.0,0.0,0.0,0.0,0.0,0.14285714285714285,27.0,0.0,0.0,0.0,0.0,0.0,0.0,0.0,384
2019-05-19,0.0,0.0,6.0,0.0,0.0,9.0,0.0,0.0,0.0,0.0,0.0,0.0,0.0,0.0,0.0,0.2857142857142857,0.0,28.571428571428573,0.0,0.0,0.0,0.0,0.0,0.0,0.0,385
2019-05-26,0.0,0.0,6.0,0.14285714285714285,0.0,9.714285714285714,0.0,0.0,0.0,0.0,0.0,0.0,0.0,0.0,0.0,0.0,0.2857142857142857,27.285714285714285,0.0,0.0,0.0,0.0,0.0,0.0,0.0,386
2019-06-02,0.0,0.14285714285714285,5.142857142857143,0.0,0.0,10.0,0.0,0.0,0.0,0.0,0.0,0.0,0.0,0.0,0.0,0.0,0.0,27.0,0.0,0.0,0.0,0.0,0.0,0.0,0.0,387
2019-06-09,0.0,0.0,5.0,0.0,0.0,10.0,0.0,0.0,0.0,0.0,0.0,0.0,0.0,0.0,0.0,0.2857142857142857,0.0,28.857142857142858,0.0,0.0,0.0,0.0,0.0,0.0,0.0,388
2019-06-16,0.0,0.14285714285714285,4.857142857142857,0.0,0.0,10.0,0.0,0.0,0.0,0.0,0.0,0.0,0.0,0.0,0.0,0.2857142857142857,0.0,30.428571428571427,0.0,0.0,0.0,0.0,0.0,0.0,0.0,389
2019-06-23,0.14285714285714285,0.0,4.714285714285714,0.0,0.0,10.0,0.0,0.0,0.0,0.0,0.0,0.0,0.0,0.0,0.0,0.0,0.0,31.0,0.0,0.0,0.0,0.0,0.0,0.0,0.0,390
2019-06-30,0.0,0.0,5.0,0.0,0.0,10.0,0.0,0.0,0.0,0.0,0.0,0.0,0.0,0.0,0.0,0.14285714285714285,0.0,31.714285714285715,0.0,0.0,0.0,0.0,0.0,0.0,0.0,391
2019-07-07,0.0,0.0,5.0,0.0,0.0,10.0,0.0,0.0,0.0,0.0,0.0,0.0,0.0,0.0,0.0,0.0,0.0,32.0,0.0,0.0,0.0,0.0,0.0,0.0,0.0,392
2019-07-14,0.0,0.14285714285714285,4.571428571428571,0.0,0.0,10.0,0.0,0.0,0.0,0.0,0.0,0.0,0.0,0.0,0.0,0.0,0.14285714285714285,31.285714285714285,0.0,0.0,0.0,0.0,0.0,0.0,0.0,393
2019-07-21,0.0,0.0,4.0,0.0,0.0,10.0,0.0,0.0,0.0,0.0,0.0,0.0,0.0,0.0,0.0,0.0,0.0,31.0,0.0,0.0,0.0,0.0,0.0,0.0,0.0,394
2019-07-28,0.0,0.0,4.0,0.0,0.0,10.0,0.0,0.0,0.0,0.0,0.0,0.0,0.0,0.0,0.0,0.0,0.0,31.0,0.0,0.0,0.0,0.0,0.0,0.0,0.0,395
2019-08-04,0.0,0.0,4.0,0.0,0.0,10.0,0.0,0.0,0.0,0.0,0.0,0.0,0.0,0.0,0.0,0.0,0.0,31.0,0.0,0.0,0.0,0.0,0.0,0.0,0.0,396
2019-08-11,0.0,0.0,4.0,0.0,0.0,10.0,0.0,0.0,0.0,0.0,0.0,0.0,0.0,0.0,0.0,0.0,0.0,31.0,0.0,0.0,0.0,0.0,0.0,0.0,0.0,397
2019-08-18,0.0,0.0,4.0,0.0,0.0,10.0,0.0,0.0,0.0,0.0,0.0,0.0,0.0,0.0,0.0,0.0,0.0,31.0,0.0,0.0,0.0,0.0,0.0,0.0,0.0,398
2019-08-25,0.0,0.0,4.0,0.0,0.0,10.0,0.0,0.0,0.0,0.0,0.0,0.0,0.0,0.0,0.0,0.14285714285714285,0.0,31.714285714285715,0.0,0.0,0.0,0.0,0.0,0.0,0.0,399
2019-09-01,0.0,0.0,4.0,0.0,0.2857142857142857,8.857142857142858,0.0,0.0,0.0,0.0,0.0,0.0,0.0,0.0,0.0,0.14285714285714285,0.14285714285714285,32.285714285714285,0.0,0.0,0.0,0.14285714285714285,0.0,1.0,1.0,400
2019-09-08,0.0,0.0,4.0,0.14285714285714285,0.0,8.714285714285714,0.0,0.0,0.0,0.0,0.0,0.0,0.0,0.0,0.0,0.0,0.14285714285714285,31.142857142857142,0.0,0.0,0.0,0.0,0.0,1.0,1.0,401
2019-09-15,0.0,0.0,4.0,0.14285714285714285,0.0,9.714285714285714,0.0,0.0,0.0,0.0,0.0,0.0,0.0,0.0,0.0,0.0,0.2857142857142857,30.142857142857142,0.0,0.0,0.0,0.0,0.0,1.0,1.0,402
2019-09-22,0.0,0.0,4.0,0.0,0.0,10.0,0.0,0.0,0.0,0.0,0.0,0.0,0.0,0.0,0.0,0.0,0.14285714285714285,28.285714285714285,0.0,0.0,0.0,0.0,0.0,1.0,1.0,403
2019-09-29,0.0,0.0,4.0,0.0,0.0,10.0,0.0,0.0,0.0,0.0,0.0,0.0,0.0,0.0,0.0,0.2857142857142857,0.14285714285714285,29.142857142857142,0.0,0.0,0.0,0.0,0.0,1.0,1.0,404
2019-10-06,0.0,0.0,4.0,0.0,0.0,10.0,0.0,0.0,0.0,0.0,0.0,0.0,0.0,0.0,0.0,0.0,0.0,29.0,0.0,0.0,0.0,0.0,0.0,1.0,1.0,405
2019-10-13,0.0,0.0,4.0,0.0,0.0,10.0,0.0,0.0,0.0,0.0,0.0,0.0,0.0,0.0,0.0,0.2857142857142857,0.2857142857142857,29.714285714285715,0.0,0.0,0.0,0.0,0.0,1.0,1.0,406
2019-10-20,0.14285714285714285,0.14285714285714285,4.142857142857143,0.0,0.14285714285714285,9.285714285714286,0.0,0.0,0.0,0.0,0.0,0.0,0.0,0.0,0.0,0.0,0.0,29.0,0.0,0.0,0.0,0.0,0.0,1.0,1.0,407
2019-10-27,0.0,0.0,4.0,0.0,0.0,9.0,0.0,0.0,0.0,0.0,0.0,0.0,0.0,0.0,0.0,0.2857142857142857,0.0,31.0,0.0,0.0,0.0,0.0,0.0,1.0,1.0,408
2019-11-03,0.14285714285714285,0.0,4.857142857142857,0.0,0.14285714285714285,8.142857142857142,0.0,0.0,0.0,0.0,0.0,0.0,0.0,0.0,0.0,0.0,0.0,31.0,0.0,0.0,0.0,0.0,0.0,1.0,1.0,409
2019-11-10,0.0,0.0,5.0,0.0,0.0,8.0,0.0,0.0,0.0,0.0,0.0,0.0,0.0,0.0,0.0,0.0,0.14285714285714285,30.142857142857142,0.0,0.0,0.0,0.0,0.0,1.0,1.0,410
2019-11-17,0.0,0.14285714285714285,4.428571428571429,0.0,0.0,8.0,0.0,0.0,0.0,0.0,0.0,0.0,0.0,0.0,0.0,0.0,0.0,30.0,0.0,0.0,0.0,0.0,0.0,1.0,1.0,411
2019-11-24,0.0,0.0,4.0,0.0,0.0,8.0,0.0,0.0,0.0,0.0,0.0,0.0,0.0,0.0,0.0,0.0,0.0,30.0,0.0,0.0,0.0,0.0,0.0,1.0,1.0,412
2019-12-01,0.0,0.0,4.0,0.0,0.0,8.0,0.0,0.0,0.0,0.0,0.0,0.0,0.0,0.0,0.0,0.0,0.0,30.0,0.0,0.0,0.0,0.0,0.0,1.0,1.0,413
2019-12-08,0.0,0.0,4.0,0.0,0.14285714285714285,7.0,0.0,0.0,0.0,0.0,0.0,0.0,0.0,0.0,0.0,0.0,0.14285714285714285,29.285714285714285,0.0,0.0,0.0,0.0,0.0,1.0,1.0,414
2019-12-15,0.14285714285714285,0.0,4.857142857142857,0.0,0.0,7.0,0.0,0.0,0.0,0.0,0.0,0.0,0.0,0.0,0.0,0.0,0.0,29.0,0.0,0.0,0.0,0.0,0.0,1.0,1.0,415
2019-12-22,0.0,0.0,5.0,0.0,0.0,7.0,0.0,0.0,0.0,0.0,0.0,0.0,0.0,0.0,0.0,0.14285714285714285,0.0,29.714285714285715,0.0,0.0,0.0,0.14285714285714285,0.0,1.5714285714285714,1.5714285714285714,416
2019-12-29,0.0,0.0,5.0,0.0,0.0,7.0,0.0,0.0,0.0,0.0,0.0,0.0,0.0,0.0,0.0,0.0,0.0,30.0,0.0,0.0,0.0,0.0,0.0,2.0,2.0,417
2020-01-05,0.0,0.0,5.0,0.0,0.0,7.0,0.0,0.0,0.0,0.0,0.0,0.0,0.0,0.0,0.0,0.0,0.0,30.0,0.0,0.0,0.0,0.0,0.0,2.0,2.0,418
2020-01-12,0.0,0.0,5.0,0.0,0.0,7.0,0.0,0.0,0.0,0.0,0.0,0.0,0.0,0.0,0.0,0.2857142857142857,0.0,31.428571428571427,0.0,0.0,0.0,0.0,0.0,2.0,2.0,419
2020-01-19,0.0,0.0,5.0,0.0,0.0,7.0,0.0,0.0,0.0,0.0,0.0,0.0,0.0,0.0,0.0,0.2857142857142857,0.0,34.0,0.0,0.0,0.0,0.0,0.0,2.0,2.0,420
2020-01-26,0.0,0.0,5.0,0.14285714285714285,0.0,7.857142857142857,0.0,0.0,0.0,0.0,0.0,0.0,0.0,0.0,0.0,0.0,0.0,34.0,0.0,0.0,0.0,0.0,0.0,2.0,2.0,421
2020-02-02,0.14285714285714285,0.0,5.857142857142857,0.0,0.0,8.0,0.0,0.0,0.0,0.0,0.0,0.0,0.0,0.0,0.0,0.5714285714285714,0.0,36.285714285714285,0.0,0.0,0.0,0.0,0.0,2.0,2.0,422
2020-02-09,0.14285714285714285,0.0,6.857142857142857,0.0,0.0,8.0,0.0,0.0,0.0,0.0,0.0,0.0,0.0,0.0,0.0,0.0,0.0,38.0,0.0,0.0,0.0,0.0,0.0,2.0,2.0,423
2020-02-16,0.0,0.0,7.0,0.0,0.0,8.0,0.0,0.0,0.0,0.0,0.0,0.0,0.0,0.0,0.0,0.14285714285714285,0.14285714285714285,37.714285714285715,0.0,0.0,0.0,0.0,0.0,2.0,2.0,424
2020-02-23,0.0,0.0,7.0,0.0,0.0,8.0,0.0,0.0,0.0,0.0,0.0,0.0,0.0,0.0,0.0,0.0,0.14285714285714285,37.142857142857146,0.0,0.0,0.0,0.0,0.0,2.0,2.0,425
2020-03-01,0.0,0.0,7.0,0.0,0.0,8.0,0.0,0.0,0.0,0.0,0.0,0.0,0.0,0.0,0.0,0.14285714285714285,0.0,37.714285714285715,0.0,0.0,0.0,0.0,0.0,2.0,2.0,426
2020-03-08,0.0,0.14285714285714285,6.285714285714286,0.0,0.0,8.0,0.0,0.0,0.0,0.0,0.0,0.0,0.0,0.0,0.0,0.14285714285714285,0.14285714285714285,38.285714285714285,0.0,0.0,0.0,0.0,0.0,2.0,2.0,427
2020-03-15,0.0,0.0,6.0,0.14285714285714285,0.0,8.571428571428571,0.0,0.0,0.0,0.0,0.0,0.0,0.0,0.0,0.0,0.0,0.0,38.0,0.0,0.0,0.0,0.0,0.14285714285714285,1.5714285714285714,1.5714285714285714,428
2020-03-22,0.0,0.14285714285714285,5.285714285714286,0.0,0.0,9.0,0.0,0.0,0.0,0.0,0.0,0.0,0.0,0.0,0.0,0.14285714285714285,0.2857142857142857,36.57142857142857,0.0,0.0,0.0,0.0,0.0,1.0,1.0,429
2020-03-29,0.0,0.0,5.0,0.0,0.0,9.0,0.0,0.0,0.0,0.0,0.0,0.0,0.0,0.0,0.0,0.0,0.0,37.0,0.0,0.0,0.0,0.0,0.0,1.0,1.0,430
2020-04-05,0.0,0.0,5.0,0.0,0.0,9.0,0.0,0.0,0.0,0.0,0.0,0.0,0.0,0.0,0.0,0.14285714285714285,0.0,37.857142857142854,0.0,0.0,0.0,0.0,0.0,1.0,1.0,431
2020-04-12,0.0,0.0,5.0,0.0,0.0,9.0,0.0,0.0,0.0,0.0,0.0,0.0,0.0,0.0,0.0,0.0,0.0,38.0,0.0,0.0,0.0,0.0,0.0,1.0,1.0,432
2020-04-19,0.0,0.0,5.0,0.0,0.0,9.0,0.0,0.0,0.0,0.0,0.0,0.0,0.0,0.0,0.0,0.0,0.0,38.0,0.0,0.0,0.0,0.0,0.0,1.0,1.0,433
2020-04-26,0.0,0.0,5.0,0.0,0.0,9.0,0.0,0.0,0.0,0.0,0.0,0.0,0.0,0.0,0.0,0.0,0.14285714285714285,37.714285714285715,0.0,0.0,0.0,0.0,0.0,1.0,1.0,434
2020-05-03,0.0,0.0,5.0,0.0,0.14285714285714285,8.428571428571429,0.0,0.0,0.0,0.0,0.0,0.0,0.0,0.0,0.0,0.0,0.0,37.0,0.0,0.0,0.0,0.0,0.0,1.0,1.0,435
2020-05-10,0.0,0.0,5.0,0.0,0.0,8.0,0.0,0.0,0.0,0.0,0.0,0.0,0.0,0.0,0.0,0.0,0.0,37.0,0.0,0.0,0.0,0.0,0.0,1.0,1.0,436
2020-05-17,0.0,0.0,5.0,0.0,0.0,8.0,0.0,0.0,0.0,0.0,0.0,0.0,0.0,0.0,0.0,0.0,0.0,37.0,0.0,0.0,0.0,0.0,0.0,1.0,1.0,437
2020-05-24,0.0,0.0,5.0,0.0,0.0,8.0,0.0,0.0,0.0,0.0,0.0,0.0,0.0,0.0,0.0,0.0,0.0,37.0,0.0,0.0,0.0,0.0,0.0,1.0,1.0,438
2020-05-31,0.0,0.0,5.0,0.0,0.0,8.0,0.0,0.0,0.0,0.0,0.0,0.0,0.0,0.0,0.0,0.0,0.0,37.0,0.0,0.0,0.0,0.0,0.0,1.0,1.0,439
2020-06-07,0.0,0.0,5.0,0.0,0.0,8.0,0.0,0.0,0.0,0.0,0.0,0.0,0.0,0.0,0.0,0.0,0.0,37.0,0.0,0.0,0.0,0.0,0.0,1.0,1.0,440
2020-06-14,0.0,0.0,5.0,0.0,0.0,8.0,0.0,0.0,0.0,0.0,0.0,0.0,0.0,0.0,0.0,0.0,0.0,37.0,0.0,0.0,0.0,0.0,0.0,1.0,1.0,441
2020-06-21,0.0,0.0,5.0,0.0,0.0,8.0,0.0,0.0,0.0,0.0,0.0,0.0,0.0,0.0,0.0,0.0,0.0,37.0,0.0,0.0,0.0,0.0,0.0,1.0,1.0,442
2020-06-28,0.0,0.0,5.0,0.0,0.14285714285714285,7.571428571428571,0.0,0.0,0.0,0.0,0.0,0.0,0.0,0.0,0.0,0.0,0.0,37.0,0.0,0.0,0.0,0.0,0.0,1.0,1.0,443
2020-07-05,0.0,0.0,5.0,0.0,0.0,7.0,0.0,0.0,0.0,0.0,0.0,0.0,0.0,0.0,0.0,0.0,0.0,37.0,0.0,0.0,0.0,0.0,0.0,1.0,1.0,444
2020-07-12,0.0,0.0,5.0,0.0,0.0,7.0,0.0,0.0,0.0,0.0,0.0,0.0,0.0,0.0,0.0,0.0,0.14285714285714285,36.42857142857143,0.0,0.0,0.0,0.0,0.0,1.0,1.0,445
2020-07-19,0.0,0.0,5.0,0.0,0.0,7.0,0.0,0.0,0.0,0.0,0.0,0.0,0.0,0.0,0.0,0.0,0.0,36.0,0.0,0.0,0.0,0.0,0.0,1.0,1.0,446
2020-07-26,0.0,0.0,5.0,0.0,0.0,7.0,0.0,0.0,0.0,0.0,0.0,0.0,0.0,0.0,0.0,0.0,0.14285714285714285,35.285714285714285,0.0,0.0,0.0,0.0,0.0,1.0,1.0,447
2020-08-02,0.0,0.0,5.0,0.0,0.0,7.0,0.0,0.0,0.0,0.0,0.0,0.0,0.0,0.0,0.0,0.0,0.0,35.0,0.0,0.0,0.0,0.0,0.0,1.0,1.0,448
2020-08-09,0.0,0.0,5.0,0.0,0.0,7.0,0.0,0.0,0.0,0.0,0.0,0.0,0.0,0.0,0.0,0.0,0.0,35.0,0.0,0.0,0.0,0.0,0.0,1.0,1.0,449
2020-08-16,0.0,0.0,5.0,0.0,0.0,7.0,0.0,0.0,0.0,0.0,0.0,0.0,0.0,0.0,0.0,0.14285714285714285,0.0,36.0,0.0,0.0,0.0,0.0,0.0,1.0,1.0,450
2020-08-23,0.0,0.0,5.0,0.0,0.0,7.0,0.0,0.0,0.0,0.0,0.0,0.0,0.0,0.0,0.0,0.0,0.2857142857142857,34.857142857142854,0.0,0.0,0.0,0.0,0.0,1.0,1.0,451
2020-08-30,0.0,0.0,5.0,0.0,0.0,7.0,0.0,0.0,0.0,0.0,0.0,0.0,0.0,0.0,0.0,0.0,0.0,34.0,0.0,0.0,0.0,0.0,0.0,1.0,1.0,452
2020-09-06,0.0,0.0,5.0,0.0,0.0,7.0,0.0,0.0,0.0,0.0,0.0,0.0,0.0,0.0,0.0,0.0,0.0,34.0,0.0,0.0,0.0,0.0,0.0,1.0,1.0,453
2020-09-13,0.0,0.0,5.0,0.0,0.0,7.0,0.0,0.0,0.0,0.0,0.0,0.0,0.0,0.0,0.0,0.0,0.0,34.0,0.0,0.0,0.0,0.0,0.0,1.0,1.0,454
2020-09-20,0.0,0.0,5.0,0.0,0.14285714285714285,6.571428571428571,0.0,0.0,0.0,0.0,0.0,0.0,0.0,0.0,0.0,0.0,0.0,34.0,0.0,0.0,0.0,0.0,0.0,1.0,1.0,455
2020-09-27,0.0,0.0,5.0,0.0,0.0,6.0,0.0,0.0,0.0,0.0,0.0,0.0,0.0,0.0,0.0,0.0,0.14285714285714285,33.42857142857143,0.0,0.0,0.0,0.0,0.0,1.0,1.0,456
2020-10-04,0.0,0.0,5.0,0.0,0.0,6.0,0.0,0.0,0.0,0.0,0.0,0.0,0.0,0.0,0.0,0.0,0.0,33.0,0.0,0.0,0.0,0.0,0.0,1.0,1.0,457
2020-10-11,0.0,0.0,5.0,0.0,0.0,6.0,0.0,0.0,0.0,0.0,0.0,0.0,0.0,0.0,0.0,0.0,0.14285714285714285,32.57142857142857,0.0,0.0,0.0,0.0,0.0,1.0,1.0,458
2020-10-18,0.0,0.0,5.0,0.0,0.0,6.0,0.0,0.0,0.0,0.0,0.0,0.0,0.0,0.0,0.0,0.0,0.14285714285714285,31.571428571428573,0.0,0.0,0.0,0.0,0.0,1.0,1.0,459
2020-10-25,0.0,0.0,5.0,0.0,0.0,6.0,0.0,0.0,0.0,0.0,0.0,0.0,0.0,0.0,0.0,0.14285714285714285,0.0,31.857142857142858,0.0,0.0,0.0,0.0,0.0,1.0,1.0,460
2020-11-01,0.0,0.0,5.0,0.14285714285714285,0.0,6.714285714285714,0.0,0.0,0.0,0.0,0.0,0.0,0.0,0.0,0.0,0.0,0.14285714285714285,31.714285714285715,0.0,0.0,0.0,0.0,0.0,1.0,1.0,461
2020-11-08,0.0,0.0,5.0,0.0,0.0,7.0,0.0,0.0,0.0,0.0,0.0,0.0,0.0,0.0,0.0,0.0,0.2857142857142857,30.0,0.0,0.0,0.0,0.0,0.0,1.0,1.0,462
2020-11-15,0.0,0.0,5.0,0.0,0.0,7.0,0.0,0.0,0.0,0.0,0.0,0.0,0.0,0.0,0.0,0.0,0.14285714285714285,28.142857142857142,0.0,0.0,0.0,0.0,0.0,1.0,1.0,463
2020-11-22,0.0,0.0,5.0,0.0,0.0,7.0,0.0,0.0,0.0,0.0,0.0,0.0,0.0,0.0,0.0,0.0,0.14285714285714285,27.428571428571427,0.0,0.0,0.0,0.0,0.0,1.0,1.0,464
2020-11-29,0.0,0.0,5.0,0.0,0.0,7.0,0.0,0.0,0.0,0.0,0.0,0.0,0.0,0.0,0.0,0.0,0.0,27.0,0.0,0.0,0.0,0.0,0.0,1.0,1.0,465
2020-12-06,0.14285714285714285,0.0,5.428571428571429,0.0,0.0,7.0,0.0,0.0,0.0,0.0,0.0,0.0,0.0,0.0,0.0,0.0,0.2857142857142857,26.142857142857142,0.0,0.0,0.0,0.0,0.0,1.0,1.0,466
2020-12-13,0.0,0.0,6.0,0.0,0.0,7.0,0.0,0.0,0.0,0.0,0.0,0.0,0.0,0.0,0.0,0.0,0.0,25.0,0.0,0.0,0.0,0.0,0.0,1.0,1.0,467
2020-12-20,0.0,0.0,6.0,0.0,0.0,7.0,0.0,0.0,0.0,0.0,0.0,0.0,0.0,0.0,0.0,0.0,0.0,25.0,0.0,0.0,0.0,0.0,0.0,1.0,1.0,468
2020-12-27,0.0,0.0,6.0,0.0,0.14285714285714285,6.142857142857143,0.0,0.0,0.0,0.0,0.0,0.0,0.0,0.0,0.0,0.0,0.0,25.0,0.0,0.0,0.0,0.0,0.0,1.0,1.0,469
2021-01-03,0.0,0.0,6.0,0.0,0.0,6.0,0.0,0.0,0.0,0.0,0.0,0.0,0.0,0.0,0.0,0.0,0.0,25.0,0.0,0.0,0.0,0.0,0.0,1.0,1.0,470
2021-01-10,0.0,0.0,6.0,0.0,0.0,6.0,0.0,0.0,0.0,0.0,0.0,0.0,0.0,0.0,0.0,0.0,0.0,25.0,0.0,0.0,0.0,0.0,0.0,1.0,1.0,471
2021-01-17,0.0,0.0,6.0,0.0,0.0,6.0,0.0,0.0,0.0,0.0,0.0,0.0,0.0,0.0,0.0,0.0,0.0,25.0,0.0,0.0,0.0,0.0,0.0,1.0,1.0,472
2021-01-24,0.0,0.0,6.0,0.0,0.0,6.0,0.0,0.0,0.0,0.0,0.0,0.0,0.0,0.0,0.0,0.0,0.14285714285714285,24.571428571428573,0.0,0.0,0.0,0.0,0.0,1.0,1.0,473
2021-01-31,0.14285714285714285,0.0,7.0,0.0,0.0,6.0,0.0,0.0,0.0,0.0,0.0,0.0,0.0,0.0,0.0,0.0,0.0,24.0,0.0,0.0,0.0,0.0,0.0,1.0,1.0,474
2021-02-07,0.0,0.0,7.0,0.0,0.0,6.0,0.0,0.0,0.0,0.0,0.0,0.0,0.0,0.0,0.0,0.0,0.0,24.0,0.0,0.0,0.0,0.0,0.0,1.0,1.0,475
2021-02-14,0.0,0.14285714285714285,6.0,0.0,0.0,6.0,0.0,0.0,0.0,0.0,0.0,0.0,0.0,0.0,0.0,0.14285714285714285,0.0,24.714285714285715,0.0,0.0,0.0,0.0,0.0,1.0,1.0,476
2021-02-21,0.0,0.0,6.0,0.0,0.0,6.0,0.0,0.0,0.0,0.0,0.0,0.0,0.0,0.0,0.0,0.0,0.14285714285714285,24.571428571428573,0.0,0.0,0.0,0.0,0.0,1.0,1.0,477
2021-02-28,0.0,0.0,6.0,0.0,0.0,6.0,0.0,0.0,0.0,0.0,0.0,0.0,0.0,0.0,0.0,0.14285714285714285,0.0,25.0,0.0,0.0,0.0,0.0,0.0,1.0,1.0,478
2021-03-07,0.0,0.0,6.0,0.0,0.0,6.0,0.0,0.0,0.0,0.0,0.0,0.0,0.0,0.0,0.0,0.0,0.2857142857142857,23.714285714285715,0.0,0.0,0.0,0.0,0.0,1.0,1.0,479
2021-03-14,0.0,0.0,6.0,0.0,0.14285714285714285,5.428571428571429,0.0,0.0,0.0,0.0,0.0,0.0,0.0,0.0,0.0,0.0,0.14285714285714285,22.428571428571427,0.0,0.0,0.0,0.0,0.0,1.0,1.0,480
2021-03-21,0.0,0.0,6.0,0.0,0.0,5.0,0.0,0.0,0.0,0.0,0.0,0.0,0.0,0.0,0.0,0.0,0.0,22.0,0.0,0.0,0.0,0.0,0.0,1.0,1.0,481
2021-03-28,0.0,0.0,6.0,0.0,0.0,5.0,0.0,0.0,0.0,0.0,0.0,0.0,0.0,0.0,0.0,0.0,0.0,22.0,0.0,0.0,0.0,0.0,0.0,1.0,1.0,482
2021-04-04,0.0,0.0,6.0,0.0,0.0,5.0,0.0,0.0,0.0,0.0,0.0,0.0,0.0,0.0,0.0,0.14285714285714285,0.0,22.857142857142858,0.0,0.0,0.0,0.0,0.0,1.0,1.0,483
2021-04-11,0.0,0.14285714285714285,5.428571428571429,0.0,0.0,5.0,0.0,0.0,0.0,0.0,0.0,0.0,0.0,0.0,0.0,0.0,0.0,23.0,0.0,0.0,0.0,0.0,0.0,1.0,1.0,484
2021-04-18,0.0,0.0,5.0,0.0,0.0,5.0,0.0,0.0,0.0,0.0,0.0,0.0,0.0,0.0,0.0,0.0,0.0,23.0,0.0,0.0,0.0,0.0,0.0,1.0,1.0,485
2021-04-25,0.0,0.0,5.0,0.0,0.0,5.0,0.0,0.0,0.0,0.0,0.0,0.0,0.0,0.0,0.0,0.0,0.14285714285714285,22.571428571428573,0.0,0.0,0.0,0.0,0.0,1.0,1.0,486
2021-05-02,0.0,0.0,5.0,0.0,0.0,5.0,0.0,0.0,0.0,0.0,0.0,0.0,0.0,0.0,0.0,0.0,0.0,22.0,0.0,0.0,0.0,0.0,0.0,1.0,1.0,487
2021-05-09,0.0,0.0,5.0,0.0,0.0,5.0,0.0,0.0,0.0,0.0,0.0,0.0,0.0,0.0,0.0,0.0,0.0,22.0,0.0,0.0,0.0,0.0,0.0,1.0,1.0,488
2021-05-16,0.0,0.0,5.0,0.0,0.0,5.0,0.0,0.0,0.0,0.0,0.0,0.0,0.0,0.0,0.0,0.0,0.14285714285714285,21.428571428571427,0.0,0.0,0.0,0.0,0.0,1.0,1.0,489
2021-05-23,0.0,0.0,5.0,0.0,0.0,5.0,0.0,0.0,0.0,0.0,0.0,0.0,0.0,0.0,0.0,0.0,0.0,21.0,0.0,0.0,0.0,0.0,0.0,1.0,1.0,490
2021-05-30,0.0,0.0,5.0,0.0,0.0,5.0,0.0,0.0,0.0,0.0,0.0,0.0,0.0,0.0,0.0,0.14285714285714285,0.0,21.857142857142858,0.0,0.0,0.0,0.0,0.0,1.0,1.0,491
2021-06-06,0.0,0.0,5.0,0.0,0.14285714285714285,4.571428571428571,0.0,0.0,0.0,0.0,0.0,0.0,0.0,0.0,0.0,0.0,0.0,22.0,0.0,0.0,0.0,0.0,0.0,1.0,1.0,492
2021-06-13,0.0,0.14285714285714285,4.571428571428571,0.0,0.14285714285714285,3.0,0.0,0.0,0.0,0.0,0.0,0.0,0.0,0.0,0.0,0.0,0.14285714285714285,21.0,0.0,0.0,0.0,0.0,0.0,1.0,1.0,493
2021-06-20,0.0,0.0,4.0,0.0,0.14285714285714285,2.5714285714285716,0.0,0.0,0.0,0.0,0.0,0.0,0.0,0.0,0.0,0.0,0.0,21.0,0.0,0.0,0.0,0.0,0.0,1.0,1.0,494
2021-06-27,0.0,0.0,4.0,0.0,0.0,2.0,0.0,0.0,0.0,0.0,0.0,0.0,0.0,0.0,0.0,0.14285714285714285,0.0,21.428571428571427,0.0,0.0,0.0,0.0,0.0,1.0,1.0,495
2021-07-04,0.0,0.0,4.0,0.0,0.0,2.0,0.0,0.0,0.0,0.0,0.0,0.0,0.0,0.0,0.0,0.14285714285714285,0.0,22.428571428571427,0.0,0.0,0.0,0.0,0.0,1.0,1.0,496
2021-07-11,0.0,0.0,4.0,0.0,0.0,2.0,0.0,0.0,0.0,0.0,0.0,0.0,0.0,0.0,0.0,0.0,0.0,23.0,0.0,0.0,0.0,0.0,0.0,1.0,1.0,497
2021-07-18,0.0,0.0,4.0,0.0,0.0,2.0,0.0,0.0,0.0,0.0,0.0,0.0,0.0,0.0,0.0,0.0,0.0,23.0,0.0,0.0,0.0,0.0,0.0,1.0,1.0,498
2021-07-25,0.0,0.0,4.0,0.0,0.0,2.0,0.0,0.0,0.0,0.0,0.0,0.0,0.0,0.0,0.0,0.0,0.0,23.0,0.0,0.0,0.0,0.0,0.0,1.0,1.0,499
2021-08-01,0.0,0.0,4.0,0.0,0.0,2.0,0.0,0.0,0.0,0.0,0.0,0.0,0.0,0.0,0.0,0.0,0.42857142857142855,20.571428571428573,0.0,0.0,0.0,0.0,0.0,1.0,1.0,500
2021-08-08,0.0,0.0,4.0,0.0,0.0,2.0,0.0,0.0,0.0,0.0,0.0,0.0,0.0,0.0,0.0,0.0,0.0,20.0,0.0,0.0,0.0,0.0,0.0,1.0,1.0,501
2021-08-15,0.0,0.14285714285714285,3.5714285714285716,0.0,0.0,2.0,0.0,0.0,0.0,0.0,0.0,0.0,0.0,0.0,0.0,0.0,0.14285714285714285,19.571428571428573,0.0,0.0,0.0,0.0,0.0,1.0,1.0,502
2021-08-22,0.0,0.0,3.0,0.0,0.0,2.0,0.0,0.0,0.0,0.0,0.0,0.0,0.0,0.0,0.0,0.0,0.14285714285714285,18.571428571428573,0.0,0.0,0.0,0.0,0.0,1.0,1.0,503
2021-08-29,0.0,0.0,3.0,0.0,0.0,2.0,0.0,0.0,0.0,0.0,0.0,0.0,0.0,0.0,0.0,0.14285714285714285,0.2857142857142857,17.0,0.0,0.0,0.0,0.0,0.14285714285714285,0.2857142857142857,0.2857142857142857,504
2021-09-05,0.0,0.0,3.0,0.0,0.0,2.0,0.0,0.0,0.0,0.0,0.0,0.0,0.0,0.0,0.0,0.0,0.0,17.0,0.0,0.0,0.0,0.0,0.0,0.0,0.0,505
2021-09-12,0.0,0.0,3.0,0.0,0.0,2.0,0.0,0.0,0.0,0.0,0.0,0.0,0.0,0.0,0.0,0.0,0.14285714285714285,16.571428571428573,0.0,0.0,0.0,0.0,0.0,0.0,0.0,506
2021-09-19,0.0,0.0,3.0,0.0,0.0,2.0,0.0,0.0,0.0,0.0,0.0,0.0,0.0,0.0,0.0,0.0,0.0,16.0,0.0,0.0,0.0,0.0,0.0,0.0,0.0,507
2021-09-26,0.14285714285714285,0.14285714285714285,3.142857142857143,0.0,0.0,2.0,0.0,0.0,0.0,0.0,0.0,0.0,0.0,0.0,0.0,0.0,0.0,16.0,0.0,0.0,0.0,0.0,0.0,0.0,0.0,508
2021-10-03,0.0,0.0,3.0,0.0,0.0,2.0,0.0,0.0,0.0,0.0,0.0,0.0,0.0,0.0,0.0,0.0,0.0,16.0,0.0,0.0,0.0,0.0,0.0,0.0,0.0,509
2021-10-10,0.0,0.0,3.0,0.0,0.0,2.0,0.0,0.0,0.0,0.0,0.0,0.0,0.0,0.0,0.0,0.0,0.14285714285714285,15.0,0.0,0.0,0.0,0.0,0.0,0.0,0.0,510
2021-10-17,0.0,0.14285714285714285,2.4285714285714284,0.0,0.0,2.0,0.0,0.0,0.0,0.0,0.0,0.0,0.0,0.0,0.0,0.0,0.0,15.0,0.0,0.0,0.0,0.0,0.0,0.0,0.0,511
2021-10-24,0.0,0.0,2.0,0.0,0.0,2.0,0.0,0.0,0.0,0.0,0.0,0.0,0.0,0.0,0.0,0.0,0.0,15.0,0.0,0.0,0.0,0.0,0.0,0.0,0.0,512
2021-10-31,0.0,0.0,2.0,0.0,0.0,2.0,0.0,0.0,0.0,0.0,0.0,0.0,0.0,0.0,0.0,0.0,0.14285714285714285,14.285714285714286,0.0,0.0,0.0,0.0,0.0,0.0,0.0,513
2021-11-07,0.0,0.0,2.0,0.0,0.0,2.0,0.0,0.0,0.0,0.0,0.0,0.0,0.0,0.0,0.0,0.0,0.0,14.0,0.0,0.0,0.0,0.0,0.0,0.0,0.0,514
2021-11-14,0.0,0.0,2.0,0.0,0.0,2.0,0.0,0.0,0.0,0.0,0.0,0.0,0.0,0.0,0.0,0.0,0.0,14.0,0.0,0.0,0.0,0.0,0.0,0.0,0.0,515
2021-11-21,0.0,0.0,2.0,0.0,0.0,2.0,0.0,0.0,0.0,0.0,0.0,0.0,0.0,0.0,0.0,0.0,0.14285714285714285,13.428571428571429,0.0,0.0,0.0,0.0,0.0,0.0,0.0,516
2021-11-28,0.0,0.0,2.0,0.0,0.0,2.0,0.0,0.0,0.0,0.0,0.0,0.0,0.0,0.0,0.0,0.0,0.0,13.0,0.0,0.0,0.0,0.0,0.0,0.0,0.0,517
2021-12-05,0.0,0.0,2.0,0.0,0.0,2.0,0.0,0.0,0.0,0.0,0.0,0.0,0.0,0.0,0.0,0.0,0.0,13.0,0.0,0.0,0.0,0.0,0.0,0.0,0.0,518
2021-12-12,0.0,0.0,2.0,0.0,0.0,2.0,0.0,0.0,0.0,0.0,0.0,0.0,0.0,0.0,0.0,0.0,0.14285714285714285,12.571428571428571,0.0,0.0,0.0,0.0,0.0,0.0,0.0,519
2021-12-19,0.0,0.0,2.0,0.0,0.14285714285714285,1.1428571428571428,0.0,0.0,0.0,0.0,0.0,0.0,0.0,0.0,0.0,0.0,0.2857142857142857,11.0,0.0,0.0,0.0,0.0,0.0,0.0,0.0,520
2021-12-26,0.0,0.0,2.0,0.0,0.0,1.0,0.0,0.0,0.0,0.0,0.0,0.0,0.0,0.0,0.0,0.0,0.14285714285714285,9.428571428571429,0.0,0.0,0.0,0.0,0.0,0.0,0.0,521
2022-01-02,0.0,0.0,2.0,0.0,0.0,1.0,0.0,0.0,0.0,0.0,0.0,0.0,0.0,0.0,0.0,0.0,0.0,9.0,0.0,0.0,0.0,0.0,0.0,0.0,0.0,522
